-- phpMyAdmin SQL Dump
-- version 4.9.7
-- https://www.phpmyadmin.net/
--
-- Host: localhost:3306
-- Generation Time: Jan 13, 2022 at 07:47 PM
-- Server version: 10.2.41-MariaDB
-- PHP Version: 7.3.33

SET SQL_MODE = "NO_AUTO_VALUE_ON_ZERO";
SET AUTOCOMMIT = 0;
START TRANSACTION;
SET time_zone = "+00:00";


/*!40101 SET @OLD_CHARACTER_SET_CLIENT=@@CHARACTER_SET_CLIENT */;
/*!40101 SET @OLD_CHARACTER_SET_RESULTS=@@CHARACTER_SET_RESULTS */;
/*!40101 SET @OLD_COLLATION_CONNECTION=@@COLLATION_CONNECTION */;
/*!40101 SET NAMES utf8mb4 */;

--
-- Database: `disnakertran5_blksmg_one`
--

-- --------------------------------------------------------

--
-- Table structure for table `si_faq`
--

CREATE TABLE `si_faq` (
  `id` int(11) UNSIGNED NOT NULL,
  `pertanyaan` varchar(255) DEFAULT NULL,
  `jawaban` varchar(255) DEFAULT NULL,
  `created_by` int(11) DEFAULT NULL,
  `created_at` datetime DEFAULT NULL,
  `updated_at` datetime DEFAULT NULL ON UPDATE current_timestamp(),
  `deleted_at` datetime DEFAULT NULL
) ENGINE=InnoDB DEFAULT CHARSET=utf8mb4;

--
-- Dumping data for table `si_faq`
--

INSERT INTO `si_faq` (`id`, `pertanyaan`, `jawaban`, `created_by`, `created_at`, `updated_at`, `deleted_at`) VALUES
(1, 'Ada pelatihan apa saja?\r\n', 'Silakan buka menu ‘Pelatihan’ di website blksmg1.disnakertrans.jatengprov.go.id\r\n', 1, NULL, '2021-04-12 02:16:32', NULL),
(2, 'Bagaimana cara daftarnya?\r\n', 'Silakan masuk ke website, lalu klik tombol ‘Daftar’ di pelatihan yang Anda inginkan. Bisa mendaftar dari mana saja dengan HP / komputer. Hanya pendaftar yang mendaftar lewat website-lah yang akan diproses.', 1, NULL, '2021-04-12 02:16:54', NULL),
(3, 'Apakah pelatihan dapat disambi kuliah atau kerja?', 'Tidak', 1, NULL, '2021-04-12 02:17:11', NULL),
(4, 'Apakah saya bisa meninggalkan pelatihan sewaktu-waktu?', 'Tidak bisa kecuali ada kepentingan yang mendesak. Dan selama pandemi, peserta yang keluar / pulang wajib menunjukkan hasil swab antigen negatif dalam jangka waktu 12 jam terakhir ketika kembali ke asrama.', 1, NULL, '2021-04-12 02:17:32', NULL),
(5, 'Apakah wajib menginap?', 'Wajib. Pelatihan di BLK Semarang 1 bersistem boarding (asrama)', 1, NULL, '2021-04-12 02:17:32', NULL),
(6, 'Apakah ada pelatihan yang dimulai sore ?', 'Pelatihan dimulai dari pagi hingga sore atau malam.', 1, NULL, '2021-04-12 02:17:32', NULL),
(7, 'Saya pernah ikut pelatihan di BLK. Apakah bisa ikut lagi?', 'Bisa, tetapi di tahun berikutnya dengan jenis pelatihan yang berbeda.', 1, NULL, '2021-04-12 02:17:32', NULL),
(8, 'Apakah untuk ikut pelatihan CPMI Korea harus bisa bahasa Korea dulu?', 'Tidak harus.', 1, NULL, '2021-04-12 02:17:32', NULL),
(9, 'Apakah ada pelatihan magang ke Eropa?', 'Tidak ada', 1, NULL, '2021-04-12 02:17:32', NULL),
(10, 'Sudah berkeluarga apakah boleh ikut pelatihan?', 'Boleh selama usia masih memenuhi syarat.', 1, NULL, '2021-04-12 02:17:32', NULL),
(11, 'Berapa biaya pelatihannya?', 'Tidak berbayar', 1, NULL, '2021-04-12 02:17:32', NULL),
(12, 'Surat pengantar mintanya ke Dinas apa?', 'Dinas Tenaga Kerja kota / kabupaten setempat', 1, NULL, '2021-04-12 02:17:32', NULL),
(13, 'Pelatihan secara boarding itu bagaimana?', 'Peserta menginap di asrama, dan selama masa pandemi ini tidak diperkenankan keluar / pulang kecuali alasan mendesak. Peserta yang keluar / pulang pun wajib menunjukkan hasil swab antigen negatif dalam jangka waktu 12 jam terakhir ketika kembali ke asrama.', 1, NULL, '2021-04-12 02:17:32', NULL);

-- --------------------------------------------------------

--
-- Table structure for table `si_form`
--

CREATE TABLE `si_form` (
  `id` int(11) UNSIGNED NOT NULL,
  `name` varchar(255) DEFAULT NULL,
  `email` varchar(255) DEFAULT NULL,
  `hp` varchar(255) DEFAULT NULL,
  `wa` varchar(255) DEFAULT NULL,
  `subject` varchar(255) DEFAULT NULL,
  `message` varchar(255) DEFAULT NULL,
  `created_by` varchar(255) DEFAULT NULL,
  `created_at` datetime DEFAULT NULL,
  `updated_at` datetime DEFAULT NULL ON UPDATE current_timestamp(),
  `deleted_at` datetime DEFAULT NULL
) ENGINE=InnoDB DEFAULT CHARSET=utf8mb4;

--
-- Dumping data for table `si_form`
--

INSERT INTO `si_form` (`id`, `name`, `email`, `hp`, `wa`, `subject`, `message`, `created_by`, `created_at`, `updated_at`, `deleted_at`) VALUES
(1, 'Nama Lengkap', 'intechindo313@gmail.com', '085641903904', '085641903904', 'upgrade akun', 'Isi Pesan', '::1', '2021-05-08 09:01:25', '2021-05-08 09:09:15', NULL),
(2, 'Tes', 'dananto.ras@gmail.com', '+6281233333333', '0893444444444', 'Tes', 'Tes', '103.105.35.120', '2021-05-10 13:40:20', NULL, NULL),
(3, 'Tes', 'dananto.ras@gmail.com', '0845848484848', '0893444444444', 'Tes', 'Tes', '103.105.35.120', '2021-05-10 13:41:04', NULL, NULL),
(4, 'Refina Juniar Pangestu', 'refinajp@gmail.com', '088238780018', '088238780018', 'Kritik dan saran', 'Halaman website bisa diperbaiki kembali', '115.178.227.44', '2021-06-24 10:49:07', NULL, NULL),
(5, 'Ayu Amalia', 'ayuamaliar11@gmail.com', '081329468742', '081329468742', 'Periode Pelatihan di Bulan Juli 2021', 'Perkenalkan saya Ayu Amalia, saya ingin bertanya, kapan sekiranya pelatihan akan dilakukan kembali\r\nDan kapan pengumuman akan dilaksanakan?\r\nTerimakasih', '75', '2021-06-29 16:49:06', NULL, NULL);

-- --------------------------------------------------------

--
-- Table structure for table `si_kontak`
--

CREATE TABLE `si_kontak` (
  `id` int(11) UNSIGNED NOT NULL,
  `nama` varchar(255) DEFAULT NULL,
  `icon` varchar(255) DEFAULT NULL,
  `deskripsi` varchar(255) DEFAULT NULL,
  `url` varchar(255) DEFAULT NULL,
  `created_at` datetime DEFAULT NULL,
  `updated_at` datetime DEFAULT NULL,
  `deleted_at` datetime DEFAULT NULL
) ENGINE=InnoDB DEFAULT CHARSET=utf8mb4;

--
-- Dumping data for table `si_kontak`
--

INSERT INTO `si_kontak` (`id`, `nama`, `icon`, `deskripsi`, `url`, `created_at`, `updated_at`, `deleted_at`) VALUES
(1, 'Alamat', 'icofont-google-map', 'A108 Adam Street, New York, NY 535022', NULL, NULL, NULL, NULL),
(2, 'Telepon', 'icofont-phone', '024 00000000', NULL, NULL, NULL, NULL),
(3, 'Whatsapp', 'icofont-whatsapp', '08112312312', NULL, NULL, NULL, NULL),
(4, 'Email', NULL, NULL, NULL, NULL, NULL, NULL),
(5, 'Facebook', 'fa fa-facebook', NULL, NULL, NULL, NULL, NULL),
(6, 'Instagram', 'fa fa-instagram', NULL, NULL, NULL, NULL, NULL),
(7, 'Youtube', 'fa fa-youtube', NULL, NULL, NULL, NULL, NULL),
(8, 'Twitter', 'fa fa-twitter', NULL, NULL, NULL, NULL, NULL);

-- --------------------------------------------------------

--
-- Table structure for table `si_kota`
--

CREATE TABLE `si_kota` (
  `id` char(4) COLLATE utf8_unicode_ci NOT NULL,
  `province_id` char(2) COLLATE utf8_unicode_ci NOT NULL,
  `name` varchar(255) COLLATE utf8_unicode_ci NOT NULL
) ENGINE=InnoDB DEFAULT CHARSET=utf8 COLLATE=utf8_unicode_ci ROW_FORMAT=DYNAMIC;

--
-- Dumping data for table `si_kota`
--

INSERT INTO `si_kota` (`id`, `province_id`, `name`) VALUES
('1101', '11', 'KABUPATEN SIMEULUE'),
('1102', '11', 'KABUPATEN ACEH SINGKIL'),
('1103', '11', 'KABUPATEN ACEH SELATAN'),
('1104', '11', 'KABUPATEN ACEH TENGGARA'),
('1105', '11', 'KABUPATEN ACEH TIMUR'),
('1106', '11', 'KABUPATEN ACEH TENGAH'),
('1107', '11', 'KABUPATEN ACEH BARAT'),
('1108', '11', 'KABUPATEN ACEH BESAR'),
('1109', '11', 'KABUPATEN PIDIE'),
('1110', '11', 'KABUPATEN BIREUEN'),
('1111', '11', 'KABUPATEN ACEH UTARA'),
('1112', '11', 'KABUPATEN ACEH BARAT DAYA'),
('1113', '11', 'KABUPATEN GAYO LUES'),
('1114', '11', 'KABUPATEN ACEH TAMIANG'),
('1115', '11', 'KABUPATEN NAGAN RAYA'),
('1116', '11', 'KABUPATEN ACEH JAYA'),
('1117', '11', 'KABUPATEN BENER MERIAH'),
('1118', '11', 'KABUPATEN PIDIE JAYA'),
('1171', '11', 'KOTA BANDA ACEH'),
('1172', '11', 'KOTA SABANG'),
('1173', '11', 'KOTA LANGSA'),
('1174', '11', 'KOTA LHOKSEUMAWE'),
('1175', '11', 'KOTA SUBULUSSALAM'),
('1201', '12', 'KABUPATEN NIAS'),
('1202', '12', 'KABUPATEN MANDAILING NATAL'),
('1203', '12', 'KABUPATEN TAPANULI SELATAN'),
('1204', '12', 'KABUPATEN TAPANULI TENGAH'),
('1205', '12', 'KABUPATEN TAPANULI UTARA'),
('1206', '12', 'KABUPATEN TOBA SAMOSIR'),
('1207', '12', 'KABUPATEN LABUHAN BATU'),
('1208', '12', 'KABUPATEN ASAHAN'),
('1209', '12', 'KABUPATEN SIMALUNGUN'),
('1210', '12', 'KABUPATEN DAIRI'),
('1211', '12', 'KABUPATEN KARO'),
('1212', '12', 'KABUPATEN DELI SERDANG'),
('1213', '12', 'KABUPATEN LANGKAT'),
('1214', '12', 'KABUPATEN NIAS SELATAN'),
('1215', '12', 'KABUPATEN HUMBANG HASUNDUTAN'),
('1216', '12', 'KABUPATEN PAKPAK BHARAT'),
('1217', '12', 'KABUPATEN SAMOSIR'),
('1218', '12', 'KABUPATEN SERDANG BEDAGAI'),
('1219', '12', 'KABUPATEN BATU BARA'),
('1220', '12', 'KABUPATEN PADANG LAWAS UTARA'),
('1221', '12', 'KABUPATEN PADANG LAWAS'),
('1222', '12', 'KABUPATEN LABUHAN BATU SELATAN'),
('1223', '12', 'KABUPATEN LABUHAN BATU UTARA'),
('1224', '12', 'KABUPATEN NIAS UTARA'),
('1225', '12', 'KABUPATEN NIAS BARAT'),
('1271', '12', 'KOTA SIBOLGA'),
('1272', '12', 'KOTA TANJUNG BALAI'),
('1273', '12', 'KOTA PEMATANG SIANTAR'),
('1274', '12', 'KOTA TEBING TINGGI'),
('1275', '12', 'KOTA MEDAN'),
('1276', '12', 'KOTA BINJAI'),
('1277', '12', 'KOTA PADANGSIDIMPUAN'),
('1278', '12', 'KOTA GUNUNGSITOLI'),
('1301', '13', 'KABUPATEN KEPULAUAN MENTAWAI'),
('1302', '13', 'KABUPATEN PESISIR SELATAN'),
('1303', '13', 'KABUPATEN SOLOK'),
('1304', '13', 'KABUPATEN SIJUNJUNG'),
('1305', '13', 'KABUPATEN TANAH DATAR'),
('1306', '13', 'KABUPATEN PADANG PARIAMAN'),
('1307', '13', 'KABUPATEN AGAM'),
('1308', '13', 'KABUPATEN LIMA PULUH KOTA'),
('1309', '13', 'KABUPATEN PASAMAN'),
('1310', '13', 'KABUPATEN SOLOK SELATAN'),
('1311', '13', 'KABUPATEN DHARMASRAYA'),
('1312', '13', 'KABUPATEN PASAMAN BARAT'),
('1371', '13', 'KOTA PADANG'),
('1372', '13', 'KOTA SOLOK'),
('1373', '13', 'KOTA SAWAH LUNTO'),
('1374', '13', 'KOTA PADANG PANJANG'),
('1375', '13', 'KOTA BUKITTINGGI'),
('1376', '13', 'KOTA PAYAKUMBUH'),
('1377', '13', 'KOTA PARIAMAN'),
('1401', '14', 'KABUPATEN KUANTAN SINGINGI'),
('1402', '14', 'KABUPATEN INDRAGIRI HULU'),
('1403', '14', 'KABUPATEN INDRAGIRI HILIR'),
('1404', '14', 'KABUPATEN PELALAWAN'),
('1405', '14', 'KABUPATEN S I A K'),
('1406', '14', 'KABUPATEN KAMPAR'),
('1407', '14', 'KABUPATEN ROKAN HULU'),
('1408', '14', 'KABUPATEN BENGKALIS'),
('1409', '14', 'KABUPATEN ROKAN HILIR'),
('1410', '14', 'KABUPATEN KEPULAUAN MERANTI'),
('1471', '14', 'KOTA PEKANBARU'),
('1473', '14', 'KOTA D U M A I'),
('1501', '15', 'KABUPATEN KERINCI'),
('1502', '15', 'KABUPATEN MERANGIN'),
('1503', '15', 'KABUPATEN SAROLANGUN'),
('1504', '15', 'KABUPATEN BATANG HARI'),
('1505', '15', 'KABUPATEN MUARO JAMBI'),
('1506', '15', 'KABUPATEN TANJUNG JABUNG TIMUR'),
('1507', '15', 'KABUPATEN TANJUNG JABUNG BARAT'),
('1508', '15', 'KABUPATEN TEBO'),
('1509', '15', 'KABUPATEN BUNGO'),
('1571', '15', 'KOTA JAMBI'),
('1572', '15', 'KOTA SUNGAI PENUH'),
('1601', '16', 'KABUPATEN OGAN KOMERING ULU'),
('1602', '16', 'KABUPATEN OGAN KOMERING ILIR'),
('1603', '16', 'KABUPATEN MUARA ENIM'),
('1604', '16', 'KABUPATEN LAHAT'),
('1605', '16', 'KABUPATEN MUSI RAWAS'),
('1606', '16', 'KABUPATEN MUSI BANYUASIN'),
('1607', '16', 'KABUPATEN BANYU ASIN'),
('1608', '16', 'KABUPATEN OGAN KOMERING ULU SELATAN'),
('1609', '16', 'KABUPATEN OGAN KOMERING ULU TIMUR'),
('1610', '16', 'KABUPATEN OGAN ILIR'),
('1611', '16', 'KABUPATEN EMPAT LAWANG'),
('1612', '16', 'KABUPATEN PENUKAL ABAB LEMATANG ILIR'),
('1613', '16', 'KABUPATEN MUSI RAWAS UTARA'),
('1671', '16', 'KOTA PALEMBANG'),
('1672', '16', 'KOTA PRABUMULIH'),
('1673', '16', 'KOTA PAGAR ALAM'),
('1674', '16', 'KOTA LUBUKLINGGAU'),
('1701', '17', 'KABUPATEN BENGKULU SELATAN'),
('1702', '17', 'KABUPATEN REJANG LEBONG'),
('1703', '17', 'KABUPATEN BENGKULU UTARA'),
('1704', '17', 'KABUPATEN KAUR'),
('1705', '17', 'KABUPATEN SELUMA'),
('1706', '17', 'KABUPATEN MUKOMUKO'),
('1707', '17', 'KABUPATEN LEBONG'),
('1708', '17', 'KABUPATEN KEPAHIANG'),
('1709', '17', 'KABUPATEN BENGKULU TENGAH'),
('1771', '17', 'KOTA BENGKULU'),
('1801', '18', 'KABUPATEN LAMPUNG BARAT'),
('1802', '18', 'KABUPATEN TANGGAMUS'),
('1803', '18', 'KABUPATEN LAMPUNG SELATAN'),
('1804', '18', 'KABUPATEN LAMPUNG TIMUR'),
('1805', '18', 'KABUPATEN LAMPUNG TENGAH'),
('1806', '18', 'KABUPATEN LAMPUNG UTARA'),
('1807', '18', 'KABUPATEN WAY KANAN'),
('1808', '18', 'KABUPATEN TULANGBAWANG'),
('1809', '18', 'KABUPATEN PESAWARAN'),
('1810', '18', 'KABUPATEN PRINGSEWU'),
('1811', '18', 'KABUPATEN MESUJI'),
('1812', '18', 'KABUPATEN TULANG BAWANG BARAT'),
('1813', '18', 'KABUPATEN PESISIR BARAT'),
('1871', '18', 'KOTA BANDAR LAMPUNG'),
('1872', '18', 'KOTA METRO'),
('1901', '19', 'KABUPATEN BANGKA'),
('1902', '19', 'KABUPATEN BELITUNG'),
('1903', '19', 'KABUPATEN BANGKA BARAT'),
('1904', '19', 'KABUPATEN BANGKA TENGAH'),
('1905', '19', 'KABUPATEN BANGKA SELATAN'),
('1906', '19', 'KABUPATEN BELITUNG TIMUR'),
('1971', '19', 'KOTA PANGKAL PINANG'),
('2101', '21', 'KABUPATEN KARIMUN'),
('2102', '21', 'KABUPATEN BINTAN'),
('2103', '21', 'KABUPATEN NATUNA'),
('2104', '21', 'KABUPATEN LINGGA'),
('2105', '21', 'KABUPATEN KEPULAUAN ANAMBAS'),
('2171', '21', 'KOTA B A T A M'),
('2172', '21', 'KOTA TANJUNG PINANG'),
('3101', '31', 'KABUPATEN KEPULAUAN SERIBU'),
('3171', '31', 'KOTA JAKARTA SELATAN'),
('3172', '31', 'KOTA JAKARTA TIMUR'),
('3173', '31', 'KOTA JAKARTA PUSAT'),
('3174', '31', 'KOTA JAKARTA BARAT'),
('3175', '31', 'KOTA JAKARTA UTARA'),
('3201', '32', 'KABUPATEN BOGOR'),
('3202', '32', 'KABUPATEN SUKABUMI'),
('3203', '32', 'KABUPATEN CIANJUR'),
('3204', '32', 'KABUPATEN BANDUNG'),
('3205', '32', 'KABUPATEN GARUT'),
('3206', '32', 'KABUPATEN TASIKMALAYA'),
('3207', '32', 'KABUPATEN CIAMIS'),
('3208', '32', 'KABUPATEN KUNINGAN'),
('3209', '32', 'KABUPATEN CIREBON'),
('3210', '32', 'KABUPATEN MAJALENGKA'),
('3211', '32', 'KABUPATEN SUMEDANG'),
('3212', '32', 'KABUPATEN INDRAMAYU'),
('3213', '32', 'KABUPATEN SUBANG'),
('3214', '32', 'KABUPATEN PURWAKARTA'),
('3215', '32', 'KABUPATEN KARAWANG'),
('3216', '32', 'KABUPATEN BEKASI'),
('3217', '32', 'KABUPATEN BANDUNG BARAT'),
('3218', '32', 'KABUPATEN PANGANDARAN'),
('3271', '32', 'KOTA BOGOR'),
('3272', '32', 'KOTA SUKABUMI'),
('3273', '32', 'KOTA BANDUNG'),
('3274', '32', 'KOTA CIREBON'),
('3275', '32', 'KOTA BEKASI'),
('3276', '32', 'KOTA DEPOK'),
('3277', '32', 'KOTA CIMAHI'),
('3278', '32', 'KOTA TASIKMALAYA'),
('3279', '32', 'KOTA BANJAR'),
('3301', '33', 'KABUPATEN CILACAP'),
('3302', '33', 'KABUPATEN BANYUMAS'),
('3303', '33', 'KABUPATEN PURBALINGGA'),
('3304', '33', 'KABUPATEN BANJARNEGARA'),
('3305', '33', 'KABUPATEN KEBUMEN'),
('3306', '33', 'KABUPATEN PURWOREJO'),
('3307', '33', 'KABUPATEN WONOSOBO'),
('3308', '33', 'KABUPATEN MAGELANG'),
('3309', '33', 'KABUPATEN BOYOLALI'),
('3310', '33', 'KABUPATEN KLATEN'),
('3311', '33', 'KABUPATEN SUKOHARJO'),
('3312', '33', 'KABUPATEN WONOGIRI'),
('3313', '33', 'KABUPATEN KARANGANYAR'),
('3314', '33', 'KABUPATEN SRAGEN'),
('3315', '33', 'KABUPATEN GROBOGAN'),
('3316', '33', 'KABUPATEN BLORA'),
('3317', '33', 'KABUPATEN REMBANG'),
('3318', '33', 'KABUPATEN PATI'),
('3319', '33', 'KABUPATEN KUDUS'),
('3320', '33', 'KABUPATEN JEPARA'),
('3321', '33', 'KABUPATEN DEMAK'),
('3322', '33', 'KABUPATEN SEMARANG'),
('3323', '33', 'KABUPATEN TEMANGGUNG'),
('3324', '33', 'KABUPATEN KENDAL'),
('3325', '33', 'KABUPATEN BATANG'),
('3326', '33', 'KABUPATEN PEKALONGAN'),
('3327', '33', 'KABUPATEN PEMALANG'),
('3328', '33', 'KABUPATEN TEGAL'),
('3329', '33', 'KABUPATEN BREBES'),
('3371', '33', 'KOTA MAGELANG'),
('3372', '33', 'KOTA SURAKARTA'),
('3373', '33', 'KOTA SALATIGA'),
('3374', '33', 'KOTA SEMARANG'),
('3375', '33', 'KOTA PEKALONGAN'),
('3376', '33', 'KOTA TEGAL'),
('3401', '34', 'KABUPATEN KULON PROGO'),
('3402', '34', 'KABUPATEN BANTUL'),
('3403', '34', 'KABUPATEN GUNUNG KIDUL'),
('3404', '34', 'KABUPATEN SLEMAN'),
('3471', '34', 'KOTA YOGYAKARTA'),
('3501', '35', 'KABUPATEN PACITAN'),
('3502', '35', 'KABUPATEN PONOROGO'),
('3503', '35', 'KABUPATEN TRENGGALEK'),
('3504', '35', 'KABUPATEN TULUNGAGUNG'),
('3505', '35', 'KABUPATEN BLITAR'),
('3506', '35', 'KABUPATEN KEDIRI'),
('3507', '35', 'KABUPATEN MALANG'),
('3508', '35', 'KABUPATEN LUMAJANG'),
('3509', '35', 'KABUPATEN JEMBER'),
('3510', '35', 'KABUPATEN BANYUWANGI'),
('3511', '35', 'KABUPATEN BONDOWOSO'),
('3512', '35', 'KABUPATEN SITUBONDO'),
('3513', '35', 'KABUPATEN PROBOLINGGO'),
('3514', '35', 'KABUPATEN PASURUAN'),
('3515', '35', 'KABUPATEN SIDOARJO'),
('3516', '35', 'KABUPATEN MOJOKERTO'),
('3517', '35', 'KABUPATEN JOMBANG'),
('3518', '35', 'KABUPATEN NGANJUK'),
('3519', '35', 'KABUPATEN MADIUN'),
('3520', '35', 'KABUPATEN MAGETAN'),
('3521', '35', 'KABUPATEN NGAWI'),
('3522', '35', 'KABUPATEN BOJONEGORO'),
('3523', '35', 'KABUPATEN TUBAN'),
('3524', '35', 'KABUPATEN LAMONGAN'),
('3525', '35', 'KABUPATEN GRESIK'),
('3526', '35', 'KABUPATEN BANGKALAN'),
('3527', '35', 'KABUPATEN SAMPANG'),
('3528', '35', 'KABUPATEN PAMEKASAN'),
('3529', '35', 'KABUPATEN SUMENEP'),
('3571', '35', 'KOTA KEDIRI'),
('3572', '35', 'KOTA BLITAR'),
('3573', '35', 'KOTA MALANG'),
('3574', '35', 'KOTA PROBOLINGGO'),
('3575', '35', 'KOTA PASURUAN'),
('3576', '35', 'KOTA MOJOKERTO'),
('3577', '35', 'KOTA MADIUN'),
('3578', '35', 'KOTA SURABAYA'),
('3579', '35', 'KOTA BATU'),
('3601', '36', 'KABUPATEN PANDEGLANG'),
('3602', '36', 'KABUPATEN LEBAK'),
('3603', '36', 'KABUPATEN TANGERANG'),
('3604', '36', 'KABUPATEN SERANG'),
('3671', '36', 'KOTA TANGERANG'),
('3672', '36', 'KOTA CILEGON'),
('3673', '36', 'KOTA SERANG'),
('3674', '36', 'KOTA TANGERANG SELATAN'),
('5101', '51', 'KABUPATEN JEMBRANA'),
('5102', '51', 'KABUPATEN TABANAN'),
('5103', '51', 'KABUPATEN BADUNG'),
('5104', '51', 'KABUPATEN GIANYAR'),
('5105', '51', 'KABUPATEN KLUNGKUNG'),
('5106', '51', 'KABUPATEN BANGLI'),
('5107', '51', 'KABUPATEN KARANG ASEM'),
('5108', '51', 'KABUPATEN BULELENG'),
('5171', '51', 'KOTA DENPASAR'),
('5201', '52', 'KABUPATEN LOMBOK BARAT'),
('5202', '52', 'KABUPATEN LOMBOK TENGAH'),
('5203', '52', 'KABUPATEN LOMBOK TIMUR'),
('5204', '52', 'KABUPATEN SUMBAWA'),
('5205', '52', 'KABUPATEN DOMPU'),
('5206', '52', 'KABUPATEN BIMA'),
('5207', '52', 'KABUPATEN SUMBAWA BARAT'),
('5208', '52', 'KABUPATEN LOMBOK UTARA'),
('5271', '52', 'KOTA MATARAM'),
('5272', '52', 'KOTA BIMA'),
('5301', '53', 'KABUPATEN SUMBA BARAT'),
('5302', '53', 'KABUPATEN SUMBA TIMUR'),
('5303', '53', 'KABUPATEN KUPANG'),
('5304', '53', 'KABUPATEN TIMOR TENGAH SELATAN'),
('5305', '53', 'KABUPATEN TIMOR TENGAH UTARA'),
('5306', '53', 'KABUPATEN BELU'),
('5307', '53', 'KABUPATEN ALOR'),
('5308', '53', 'KABUPATEN LEMBATA'),
('5309', '53', 'KABUPATEN FLORES TIMUR'),
('5310', '53', 'KABUPATEN SIKKA'),
('5311', '53', 'KABUPATEN ENDE'),
('5312', '53', 'KABUPATEN NGADA'),
('5313', '53', 'KABUPATEN MANGGARAI'),
('5314', '53', 'KABUPATEN ROTE NDAO'),
('5315', '53', 'KABUPATEN MANGGARAI BARAT'),
('5316', '53', 'KABUPATEN SUMBA TENGAH'),
('5317', '53', 'KABUPATEN SUMBA BARAT DAYA'),
('5318', '53', 'KABUPATEN NAGEKEO'),
('5319', '53', 'KABUPATEN MANGGARAI TIMUR'),
('5320', '53', 'KABUPATEN SABU RAIJUA'),
('5321', '53', 'KABUPATEN MALAKA'),
('5371', '53', 'KOTA KUPANG'),
('6101', '61', 'KABUPATEN SAMBAS'),
('6102', '61', 'KABUPATEN BENGKAYANG'),
('6103', '61', 'KABUPATEN LANDAK'),
('6104', '61', 'KABUPATEN MEMPAWAH'),
('6105', '61', 'KABUPATEN SANGGAU'),
('6106', '61', 'KABUPATEN KETAPANG'),
('6107', '61', 'KABUPATEN SINTANG'),
('6108', '61', 'KABUPATEN KAPUAS HULU'),
('6109', '61', 'KABUPATEN SEKADAU'),
('6110', '61', 'KABUPATEN MELAWI'),
('6111', '61', 'KABUPATEN KAYONG UTARA'),
('6112', '61', 'KABUPATEN KUBU RAYA'),
('6171', '61', 'KOTA PONTIANAK'),
('6172', '61', 'KOTA SINGKAWANG'),
('6201', '62', 'KABUPATEN KOTAWARINGIN BARAT'),
('6202', '62', 'KABUPATEN KOTAWARINGIN TIMUR'),
('6203', '62', 'KABUPATEN KAPUAS'),
('6204', '62', 'KABUPATEN BARITO SELATAN'),
('6205', '62', 'KABUPATEN BARITO UTARA'),
('6206', '62', 'KABUPATEN SUKAMARA'),
('6207', '62', 'KABUPATEN LAMANDAU'),
('6208', '62', 'KABUPATEN SERUYAN'),
('6209', '62', 'KABUPATEN KATINGAN'),
('6210', '62', 'KABUPATEN PULANG PISAU'),
('6211', '62', 'KABUPATEN GUNUNG MAS'),
('6212', '62', 'KABUPATEN BARITO TIMUR'),
('6213', '62', 'KABUPATEN MURUNG RAYA'),
('6271', '62', 'KOTA PALANGKA RAYA'),
('6301', '63', 'KABUPATEN TANAH LAUT'),
('6302', '63', 'KABUPATEN KOTA BARU'),
('6303', '63', 'KABUPATEN BANJAR'),
('6304', '63', 'KABUPATEN BARITO KUALA'),
('6305', '63', 'KABUPATEN TAPIN'),
('6306', '63', 'KABUPATEN HULU SUNGAI SELATAN'),
('6307', '63', 'KABUPATEN HULU SUNGAI TENGAH'),
('6308', '63', 'KABUPATEN HULU SUNGAI UTARA'),
('6309', '63', 'KABUPATEN TABALONG'),
('6310', '63', 'KABUPATEN TANAH BUMBU'),
('6311', '63', 'KABUPATEN BALANGAN'),
('6371', '63', 'KOTA BANJARMASIN'),
('6372', '63', 'KOTA BANJAR BARU'),
('6401', '64', 'KABUPATEN PASER'),
('6402', '64', 'KABUPATEN KUTAI BARAT'),
('6403', '64', 'KABUPATEN KUTAI KARTANEGARA'),
('6404', '64', 'KABUPATEN KUTAI TIMUR'),
('6405', '64', 'KABUPATEN BERAU'),
('6409', '64', 'KABUPATEN PENAJAM PASER UTARA'),
('6411', '64', 'KABUPATEN MAHAKAM HULU'),
('6471', '64', 'KOTA BALIKPAPAN'),
('6472', '64', 'KOTA SAMARINDA'),
('6474', '64', 'KOTA BONTANG'),
('6501', '65', 'KABUPATEN MALINAU'),
('6502', '65', 'KABUPATEN BULUNGAN'),
('6503', '65', 'KABUPATEN TANA TIDUNG'),
('6504', '65', 'KABUPATEN NUNUKAN'),
('6571', '65', 'KOTA TARAKAN'),
('7101', '71', 'KABUPATEN BOLAANG MONGONDOW'),
('7102', '71', 'KABUPATEN MINAHASA'),
('7103', '71', 'KABUPATEN KEPULAUAN SANGIHE'),
('7104', '71', 'KABUPATEN KEPULAUAN TALAUD'),
('7105', '71', 'KABUPATEN MINAHASA SELATAN'),
('7106', '71', 'KABUPATEN MINAHASA UTARA'),
('7107', '71', 'KABUPATEN BOLAANG MONGONDOW UTARA'),
('7108', '71', 'KABUPATEN SIAU TAGULANDANG BIARO'),
('7109', '71', 'KABUPATEN MINAHASA TENGGARA'),
('7110', '71', 'KABUPATEN BOLAANG MONGONDOW SELATAN'),
('7111', '71', 'KABUPATEN BOLAANG MONGONDOW TIMUR'),
('7171', '71', 'KOTA MANADO'),
('7172', '71', 'KOTA BITUNG'),
('7173', '71', 'KOTA TOMOHON'),
('7174', '71', 'KOTA KOTAMOBAGU'),
('7201', '72', 'KABUPATEN BANGGAI KEPULAUAN'),
('7202', '72', 'KABUPATEN BANGGAI'),
('7203', '72', 'KABUPATEN MOROWALI'),
('7204', '72', 'KABUPATEN POSO'),
('7205', '72', 'KABUPATEN DONGGALA'),
('7206', '72', 'KABUPATEN TOLI-TOLI'),
('7207', '72', 'KABUPATEN BUOL'),
('7208', '72', 'KABUPATEN PARIGI MOUTONG'),
('7209', '72', 'KABUPATEN TOJO UNA-UNA'),
('7210', '72', 'KABUPATEN SIGI'),
('7211', '72', 'KABUPATEN BANGGAI LAUT'),
('7212', '72', 'KABUPATEN MOROWALI UTARA'),
('7271', '72', 'KOTA PALU'),
('7301', '73', 'KABUPATEN KEPULAUAN SELAYAR'),
('7302', '73', 'KABUPATEN BULUKUMBA'),
('7303', '73', 'KABUPATEN BANTAENG'),
('7304', '73', 'KABUPATEN JENEPONTO'),
('7305', '73', 'KABUPATEN TAKALAR'),
('7306', '73', 'KABUPATEN GOWA'),
('7307', '73', 'KABUPATEN SINJAI'),
('7308', '73', 'KABUPATEN MAROS'),
('7309', '73', 'KABUPATEN PANGKAJENE DAN KEPULAUAN'),
('7310', '73', 'KABUPATEN BARRU'),
('7311', '73', 'KABUPATEN BONE'),
('7312', '73', 'KABUPATEN SOPPENG'),
('7313', '73', 'KABUPATEN WAJO'),
('7314', '73', 'KABUPATEN SIDENRENG RAPPANG'),
('7315', '73', 'KABUPATEN PINRANG'),
('7316', '73', 'KABUPATEN ENREKANG'),
('7317', '73', 'KABUPATEN LUWU'),
('7318', '73', 'KABUPATEN TANA TORAJA'),
('7322', '73', 'KABUPATEN LUWU UTARA'),
('7325', '73', 'KABUPATEN LUWU TIMUR'),
('7326', '73', 'KABUPATEN TORAJA UTARA'),
('7371', '73', 'KOTA MAKASSAR'),
('7372', '73', 'KOTA PAREPARE'),
('7373', '73', 'KOTA PALOPO'),
('7401', '74', 'KABUPATEN BUTON'),
('7402', '74', 'KABUPATEN MUNA'),
('7403', '74', 'KABUPATEN KONAWE'),
('7404', '74', 'KABUPATEN KOLAKA'),
('7405', '74', 'KABUPATEN KONAWE SELATAN'),
('7406', '74', 'KABUPATEN BOMBANA'),
('7407', '74', 'KABUPATEN WAKATOBI'),
('7408', '74', 'KABUPATEN KOLAKA UTARA'),
('7409', '74', 'KABUPATEN BUTON UTARA'),
('7410', '74', 'KABUPATEN KONAWE UTARA'),
('7411', '74', 'KABUPATEN KOLAKA TIMUR'),
('7412', '74', 'KABUPATEN KONAWE KEPULAUAN'),
('7413', '74', 'KABUPATEN MUNA BARAT'),
('7414', '74', 'KABUPATEN BUTON TENGAH'),
('7415', '74', 'KABUPATEN BUTON SELATAN'),
('7471', '74', 'KOTA KENDARI'),
('7472', '74', 'KOTA BAUBAU'),
('7501', '75', 'KABUPATEN BOALEMO'),
('7502', '75', 'KABUPATEN GORONTALO'),
('7503', '75', 'KABUPATEN POHUWATO'),
('7504', '75', 'KABUPATEN BONE BOLANGO'),
('7505', '75', 'KABUPATEN GORONTALO UTARA'),
('7571', '75', 'KOTA GORONTALO'),
('7601', '76', 'KABUPATEN MAJENE'),
('7602', '76', 'KABUPATEN POLEWALI MANDAR'),
('7603', '76', 'KABUPATEN MAMASA'),
('7604', '76', 'KABUPATEN MAMUJU'),
('7605', '76', 'KABUPATEN MAMUJU UTARA'),
('7606', '76', 'KABUPATEN MAMUJU TENGAH'),
('8101', '81', 'KABUPATEN MALUKU TENGGARA BARAT'),
('8102', '81', 'KABUPATEN MALUKU TENGGARA'),
('8103', '81', 'KABUPATEN MALUKU TENGAH'),
('8104', '81', 'KABUPATEN BURU'),
('8105', '81', 'KABUPATEN KEPULAUAN ARU'),
('8106', '81', 'KABUPATEN SERAM BAGIAN BARAT'),
('8107', '81', 'KABUPATEN SERAM BAGIAN TIMUR'),
('8108', '81', 'KABUPATEN MALUKU BARAT DAYA'),
('8109', '81', 'KABUPATEN BURU SELATAN'),
('8171', '81', 'KOTA AMBON'),
('8172', '81', 'KOTA TUAL'),
('8201', '82', 'KABUPATEN HALMAHERA BARAT'),
('8202', '82', 'KABUPATEN HALMAHERA TENGAH'),
('8203', '82', 'KABUPATEN KEPULAUAN SULA'),
('8204', '82', 'KABUPATEN HALMAHERA SELATAN'),
('8205', '82', 'KABUPATEN HALMAHERA UTARA'),
('8206', '82', 'KABUPATEN HALMAHERA TIMUR'),
('8207', '82', 'KABUPATEN PULAU MOROTAI'),
('8208', '82', 'KABUPATEN PULAU TALIABU'),
('8271', '82', 'KOTA TERNATE'),
('8272', '82', 'KOTA TIDORE KEPULAUAN'),
('9101', '91', 'KABUPATEN FAKFAK'),
('9102', '91', 'KABUPATEN KAIMANA'),
('9103', '91', 'KABUPATEN TELUK WONDAMA'),
('9104', '91', 'KABUPATEN TELUK BINTUNI'),
('9105', '91', 'KABUPATEN MANOKWARI'),
('9106', '91', 'KABUPATEN SORONG SELATAN'),
('9107', '91', 'KABUPATEN SORONG'),
('9108', '91', 'KABUPATEN RAJA AMPAT'),
('9109', '91', 'KABUPATEN TAMBRAUW'),
('9110', '91', 'KABUPATEN MAYBRAT'),
('9111', '91', 'KABUPATEN MANOKWARI SELATAN'),
('9112', '91', 'KABUPATEN PEGUNUNGAN ARFAK'),
('9171', '91', 'KOTA SORONG'),
('9401', '94', 'KABUPATEN MERAUKE'),
('9402', '94', 'KABUPATEN JAYAWIJAYA'),
('9403', '94', 'KABUPATEN JAYAPURA'),
('9404', '94', 'KABUPATEN NABIRE'),
('9408', '94', 'KABUPATEN KEPULAUAN YAPEN'),
('9409', '94', 'KABUPATEN BIAK NUMFOR'),
('9410', '94', 'KABUPATEN PANIAI'),
('9411', '94', 'KABUPATEN PUNCAK JAYA'),
('9412', '94', 'KABUPATEN MIMIKA'),
('9413', '94', 'KABUPATEN BOVEN DIGOEL'),
('9414', '94', 'KABUPATEN MAPPI'),
('9415', '94', 'KABUPATEN ASMAT'),
('9416', '94', 'KABUPATEN YAHUKIMO'),
('9417', '94', 'KABUPATEN PEGUNUNGAN BINTANG'),
('9418', '94', 'KABUPATEN TOLIKARA'),
('9419', '94', 'KABUPATEN SARMI'),
('9420', '94', 'KABUPATEN KEEROM'),
('9426', '94', 'KABUPATEN WAROPEN'),
('9427', '94', 'KABUPATEN SUPIORI'),
('9428', '94', 'KABUPATEN MAMBERAMO RAYA'),
('9429', '94', 'KABUPATEN NDUGA'),
('9430', '94', 'KABUPATEN LANNY JAYA'),
('9431', '94', 'KABUPATEN MAMBERAMO TENGAH'),
('9432', '94', 'KABUPATEN YALIMO'),
('9433', '94', 'KABUPATEN PUNCAK'),
('9434', '94', 'KABUPATEN DOGIYAI'),
('9435', '94', 'KABUPATEN INTAN JAYA'),
('9436', '94', 'KABUPATEN DEIYAI'),
('9471', '94', 'KOTA JAYAPURA');

-- --------------------------------------------------------

--
-- Table structure for table `si_notifikasi`
--

CREATE TABLE `si_notifikasi` (
  `id` int(11) UNSIGNED NOT NULL,
  `for_user` int(11) DEFAULT NULL,
  `status` int(11) DEFAULT NULL COMMENT '1 opened, 0 waiting',
  `info` varchar(255) DEFAULT NULL,
  `link` varchar(255) DEFAULT NULL,
  `created_by` int(11) DEFAULT NULL,
  `created_at` datetime DEFAULT NULL,
  `updated_at` datetime DEFAULT NULL ON UPDATE current_timestamp(),
  `deleted_at` datetime DEFAULT NULL
) ENGINE=InnoDB DEFAULT CHARSET=utf8mb4;

--
-- Dumping data for table `si_notifikasi`
--

INSERT INTO `si_notifikasi` (`id`, `for_user`, `status`, `info`, `link`, `created_by`, `created_at`, `updated_at`, `deleted_at`) VALUES
(1, 15, 1, 'Update Informasi Pendaftaran Pelatihan', 'publik/riwayat', 1, '2021-05-06 07:51:22', '2021-05-06 09:50:27', NULL),
(2, 15, 1, 'Update Informasi Pendaftaran Pelatihan', 'publik/riwayat', 1, '2021-05-06 08:06:14', '2021-05-06 09:50:27', NULL),
(3, 15, 1, 'Update Informasi Pendaftaran Pelatihan', 'publik/riwayat', 1, '2021-05-06 09:21:48', '2021-05-06 09:50:27', NULL),
(4, 15, 1, 'Update Informasi Pendaftaran Pelatihan', 'publik/riwayat', 1, '2021-05-06 09:31:57', '2021-05-06 09:50:27', NULL),
(5, 15, 1, 'Update Informasi Pendaftaran Pelatihan', 'publik/riwayat', 1, '2021-05-06 09:33:23', '2021-05-06 09:50:27', NULL),
(6, 15, 1, 'Update Informasi Pendaftaran Pelatihan', 'publik/riwayat', 1, '2021-05-06 09:34:05', '2021-05-06 09:50:27', NULL),
(7, 15, 1, 'Update Informasi Pendaftaran Pelatihan', 'publik/riwayat', 1, '2021-05-06 09:39:36', '2021-05-06 09:50:27', NULL),
(8, 15, 1, 'Update Informasi Pendaftaran Pelatihan', 'publik/riwayat', 1, '2021-05-06 09:43:22', '2021-05-06 09:50:27', NULL),
(9, 15, 1, 'Update Informasi Pendaftaran Pelatihan', 'publik/riwayat', 1, '2021-05-06 09:44:15', '2021-05-06 09:50:27', NULL),
(10, 15, 1, 'Update Informasi Pendaftaran Pelatihan', 'publik/riwayat', 1, '2021-05-06 09:45:00', '2021-05-06 09:50:27', NULL),
(11, 15, 1, 'Update Informasi Pendaftaran Pelatihan', 'publik/riwayat', 1, '2021-05-06 09:46:42', '2021-05-06 09:50:27', NULL),
(12, 15, 1, 'Update Informasi Pendaftaran Pelatihan', 'publik/riwayat', 1, '2021-05-06 09:47:04', '2021-05-06 09:50:27', NULL),
(13, 15, 1, 'Update Informasi Pendaftaran Pelatihan', 'publik/riwayat', 1, '2021-05-06 09:48:11', '2021-05-06 09:50:27', NULL),
(14, 15, 1, 'Update Informasi Pendaftaran Pelatihan', 'publik/riwayat', 1, '2021-05-06 09:48:28', '2021-05-06 09:50:27', NULL),
(15, 15, 1, 'Update Informasi Pendaftaran Pelatihan', 'publik/riwayat', 1, '2021-05-06 09:48:42', '2021-05-06 09:50:27', NULL),
(16, 15, 1, 'Update Informasi Pendaftaran Pelatihan', 'publik/riwayat', 1, '2021-05-06 09:50:12', '2021-05-06 09:50:27', NULL),
(17, 17, 1, 'Update Informasi Pendaftaran Pelatihan', 'publik/riwayat', 1, '2021-05-06 12:07:22', '2021-05-08 08:35:42', NULL),
(18, 17, 1, 'Update Informasi Pendaftaran Pelatihan', 'publik/riwayat', 1, '2021-05-06 12:08:53', '2021-05-08 08:35:42', NULL),
(19, 17, 1, 'Update Informasi Pendaftaran Pelatihan', 'publik/riwayat', 1, '2021-05-06 12:14:11', '2021-05-08 08:35:42', NULL);

-- --------------------------------------------------------

--
-- Table structure for table `si_pelatihan`
--

CREATE TABLE `si_pelatihan` (
  `id` int(11) UNSIGNED NOT NULL,
  `nama_pelatihan` varchar(255) DEFAULT NULL,
  `kuota_kelas` varchar(11) DEFAULT NULL,
  `kuota_pendaftaran` varchar(11) DEFAULT NULL,
  `deskripsi` varchar(255) DEFAULT NULL,
  `tgl_pembukaan_pendaftaran` date DEFAULT NULL,
  `tgl_penutupan_pendaftaran` date DEFAULT NULL,
  `tgl_kelas_mulai` date DEFAULT NULL,
  `tgl_kelas_selesai` date DEFAULT NULL,
  `status` int(11) DEFAULT NULL COMMENT '0 tutup, 1 buka',
  `form_testimoni` int(11) DEFAULT 0 COMMENT '0 tutup, 1 buka',
  `created_by` int(11) DEFAULT NULL,
  `created_at` datetime DEFAULT NULL,
  `updated_at` datetime DEFAULT NULL ON UPDATE current_timestamp(),
  `deleted_at` datetime DEFAULT NULL
) ENGINE=InnoDB DEFAULT CHARSET=utf8mb4;

--
-- Dumping data for table `si_pelatihan`
--

INSERT INTO `si_pelatihan` (`id`, `nama_pelatihan`, `kuota_kelas`, `kuota_pendaftaran`, `deskripsi`, `tgl_pembukaan_pendaftaran`, `tgl_penutupan_pendaftaran`, `tgl_kelas_mulai`, `tgl_kelas_selesai`, `status`, `form_testimoni`, `created_by`, `created_at`, `updated_at`, `deleted_at`) VALUES
(12, 'Magang Jepang', '16', '50', 'Ini adalah postingan uji coba...\r\nPelatihan ini belum di buka untuk umum...\r\n\r\nWebsite ini sedang masa uji coba posting..\r\nTerima kasih', '2021-05-24', '2021-05-29', '2021-07-05', '2021-07-10', 1, 0, 1, '2021-05-24 13:37:53', '2021-05-24 13:37:53', NULL),
(13, 'CPMI Korea', '12', '12', 'Ini adalah postingan uji coba...\r\nPelatihan ini belum di buka untuk umum...\r\n\r\nWebsite ini sedang masa uji coba posting..\r\nTerima kasih', '2021-05-24', '2021-05-29', '2021-05-31', '2021-06-05', 1, 0, 1, '2021-05-24 12:15:12', '2021-05-24 12:15:12', NULL),
(14, 'Front Office', '23', '23', 'Ini adalah postingan uji coba...\r\nPelatihan ini belum di buka untuk umum...\r\n\r\nWebsite ini sedang masa uji coba posting..\r\nTerima kasih', '2021-03-16', '2021-03-18', '2021-03-16', '2021-03-18', 1, 0, 1, '2021-05-06 14:14:47', '2021-05-24 12:02:09', '2021-05-24 12:02:09'),
(15, 'Pemandu Wisata (Guide)', '12', '12', 'Ini adalah postingan uji coba...\r\nPelatihan ini belum di buka untuk umum...\r\n\r\nWebsite ini sedang masa uji coba posting..\r\nTerima kasih', '2021-03-16', '2021-03-19', '2021-03-16', '2021-03-19', 1, 0, 1, '2021-03-16 20:06:28', '2021-05-08 04:43:44', NULL),
(16, 'House Keeping', '12', '12', 'Ini adalah postingan uji coba...\r\nPelatihan ini belum di buka untuk umum...\r\n\r\nWebsite ini sedang masa uji coba posting..\r\nTerima kasih', '2021-03-16', '2021-03-18', '2021-03-16', '2021-03-19', 1, 1, 1, '2021-05-06 14:14:36', '2021-05-24 11:52:19', '2021-05-24 11:52:19'),
(17, 'Barista', '12', '12', 'Ini adalah postingan uji coba...\r\nPelatihan ini belum di buka untuk umum...\r\n\r\nWebsite ini sedang masa uji coba posting..\r\nTerima kasih', '2021-05-24', '2021-05-29', '2021-05-31', '2021-06-05', 1, 1, 1, '2021-05-24 13:38:17', '2021-05-24 13:38:17', NULL),
(22, 'House Keeping', '12', '12', 'Deskripsi', '2021-05-24', '2021-05-29', '2021-05-31', '2021-06-05', 1, 0, 1, '2021-05-24 11:58:52', '2021-05-24 11:59:19', NULL),
(23, NULL, NULL, NULL, NULL, NULL, NULL, NULL, NULL, NULL, 0, 1, '2021-05-24 12:04:26', '2021-05-24 12:11:01', '2021-05-24 12:11:01'),
(24, NULL, NULL, NULL, NULL, NULL, NULL, NULL, NULL, NULL, 0, 1, '2021-05-24 12:11:21', '2021-05-24 12:11:34', '2021-05-24 12:11:34'),
(25, NULL, NULL, NULL, NULL, NULL, NULL, NULL, NULL, NULL, 0, 1, '2021-05-24 12:11:58', '2021-05-24 12:12:13', '2021-05-24 12:12:13'),
(26, 'Front Office', '12', '12', 'Deskripsi', '2021-05-24', '2021-05-29', '2021-05-31', '2021-06-05', 1, 0, 1, '2021-05-24 12:12:08', '2021-05-24 12:12:46', NULL);

-- --------------------------------------------------------

--
-- Table structure for table `si_pelatihan_pendaftaran`
--

CREATE TABLE `si_pelatihan_pendaftaran` (
  `id` int(11) UNSIGNED NOT NULL,
  `id_user` int(11) DEFAULT NULL,
  `id_pelatihan` int(11) DEFAULT NULL,
  `status` int(11) DEFAULT 0,
  `keterangan` varchar(255) DEFAULT NULL,
  `testimoni` varchar(255) DEFAULT NULL,
  `video` varchar(255) DEFAULT NULL,
  `status_testimoni` int(11) DEFAULT 0 COMMENT '0 hiiden, 1 tampil',
  `created_at` datetime DEFAULT NULL,
  `updated_at` datetime DEFAULT NULL ON UPDATE current_timestamp(),
  `deleted_at` datetime DEFAULT NULL
) ENGINE=InnoDB DEFAULT CHARSET=utf8mb4;

--
-- Dumping data for table `si_pelatihan_pendaftaran`
--

INSERT INTO `si_pelatihan_pendaftaran` (`id`, `id_user`, `id_pelatihan`, `status`, `keterangan`, `testimoni`, `video`, `status_testimoni`, `created_at`, `updated_at`, `deleted_at`) VALUES
(10, 15, 26, 0, NULL, NULL, NULL, 0, '2021-05-24 14:46:55', NULL, NULL),
(11, 15, 26, 0, NULL, NULL, NULL, 0, '2021-05-27 10:52:18', NULL, NULL),
(12, 15, NULL, 0, NULL, NULL, NULL, 0, '2021-05-27 10:52:23', NULL, NULL),
(13, 15, 26, 0, NULL, NULL, NULL, 0, '2021-05-27 12:01:53', NULL, NULL),
(14, 15, 22, 0, NULL, NULL, NULL, 0, '2021-05-27 12:04:00', NULL, NULL),
(15, 15, NULL, 0, NULL, NULL, NULL, 0, '2021-05-27 12:06:07', NULL, NULL),
(16, 15, 13, 0, NULL, NULL, NULL, 0, '2021-06-01 01:23:58', NULL, NULL),
(17, 15, 17, 0, NULL, NULL, NULL, 0, '2021-06-08 13:53:05', NULL, NULL),
(18, 15, 15, 0, NULL, NULL, NULL, 0, '2021-06-10 08:05:18', NULL, NULL),
(19, 31, 17, 0, NULL, NULL, NULL, 0, '2021-06-23 18:56:35', NULL, NULL),
(20, 68, 15, 0, NULL, NULL, NULL, 0, '2021-06-24 09:03:06', NULL, NULL),
(21, 68, 15, 0, NULL, NULL, NULL, 0, '2021-06-24 09:04:11', NULL, NULL),
(22, 68, 15, 0, NULL, NULL, NULL, 0, '2021-06-24 09:05:05', NULL, NULL),
(23, 69, 17, 0, NULL, NULL, NULL, 0, '2021-06-24 09:08:26', NULL, NULL),
(24, 71, 26, 0, NULL, NULL, NULL, 0, '2021-06-24 09:55:10', NULL, NULL),
(25, 72, 15, 0, NULL, NULL, NULL, 0, '2021-06-24 10:21:10', NULL, NULL),
(26, 72, 15, 0, NULL, NULL, NULL, 0, '2021-06-24 10:21:26', NULL, NULL),
(27, 73, 17, 0, NULL, NULL, NULL, 0, '2021-06-24 11:23:52', NULL, NULL),
(28, 74, 12, 0, NULL, NULL, NULL, 0, '2021-06-24 11:33:26', NULL, NULL),
(29, 74, 22, 0, NULL, NULL, NULL, 0, '2021-06-24 11:33:50', NULL, NULL),
(30, 74, 22, 0, NULL, NULL, NULL, 0, '2021-06-24 11:33:54', NULL, NULL),
(31, 74, 22, 0, NULL, NULL, NULL, 0, '2021-06-24 11:34:08', NULL, NULL),
(32, 74, 26, 0, NULL, NULL, NULL, 0, '2021-06-24 11:36:19', NULL, NULL),
(33, 74, 17, 0, NULL, NULL, NULL, 0, '2021-06-24 11:37:55', NULL, NULL),
(34, 74, 15, 0, NULL, NULL, NULL, 0, '2021-06-24 11:38:10', NULL, NULL),
(35, 75, 12, 0, NULL, NULL, NULL, 0, '2021-06-29 14:50:27', NULL, NULL),
(36, 75, 15, 0, NULL, NULL, NULL, 0, '2021-06-29 14:50:59', NULL, NULL),
(37, 75, 13, 0, NULL, NULL, NULL, 0, '2021-06-29 15:54:37', NULL, NULL),
(38, 75, NULL, 0, NULL, NULL, NULL, 0, '2021-06-29 15:54:45', NULL, NULL),
(39, 75, 13, 0, NULL, NULL, NULL, 0, '2021-06-29 15:54:52', NULL, NULL),
(40, 75, NULL, 0, NULL, NULL, NULL, 0, '2021-06-29 16:02:49', NULL, NULL),
(41, 75, 17, 0, NULL, NULL, NULL, 0, '2021-06-29 16:03:28', NULL, NULL),
(42, 75, 17, 0, NULL, NULL, NULL, 0, '2021-06-29 16:03:53', NULL, NULL),
(43, 75, NULL, 0, NULL, NULL, NULL, 0, '2021-06-29 16:03:58', NULL, NULL),
(44, 75, NULL, 0, NULL, NULL, NULL, 0, '2021-06-29 16:45:19', NULL, NULL),
(45, 75, 22, 0, NULL, NULL, NULL, 0, '2021-06-29 16:45:55', NULL, NULL),
(46, 75, 26, 0, NULL, NULL, NULL, 0, '2021-06-29 16:46:08', NULL, NULL),
(47, 78, 15, 0, NULL, NULL, NULL, 0, '2021-07-02 10:00:16', NULL, NULL),
(48, 78, 26, 0, NULL, NULL, NULL, 0, '2021-07-02 10:01:04', NULL, NULL),
(49, NULL, NULL, 0, NULL, NULL, NULL, 0, '2021-07-03 03:41:03', NULL, NULL);

-- --------------------------------------------------------

--
-- Table structure for table `si_pelatihan_pendaftaran_quesioner`
--

CREATE TABLE `si_pelatihan_pendaftaran_quesioner` (
  `id` int(11) UNSIGNED NOT NULL,
  `id_pelatihan_pendaftaran` int(11) DEFAULT NULL,
  `id_pelatihan_quesioner` int(11) DEFAULT NULL,
  `id_quesioner` int(11) DEFAULT NULL,
  `jawaban` varchar(255) DEFAULT NULL,
  `created_at` datetime DEFAULT NULL,
  `updated_at` datetime DEFAULT NULL,
  `deleted_at` datetime DEFAULT NULL
) ENGINE=InnoDB DEFAULT CHARSET=utf8mb4;

--
-- Dumping data for table `si_pelatihan_pendaftaran_quesioner`
--

INSERT INTO `si_pelatihan_pendaftaran_quesioner` (`id`, `id_pelatihan_pendaftaran`, `id_pelatihan_quesioner`, `id_quesioner`, `jawaban`, `created_at`, `updated_at`, `deleted_at`) VALUES
(186, 10, NULL, NULL, '', NULL, NULL, NULL),
(187, 10, NULL, NULL, '', NULL, NULL, NULL),
(188, 10, NULL, NULL, '', NULL, NULL, NULL),
(189, 10, NULL, NULL, '1', NULL, NULL, NULL),
(190, 10, NULL, NULL, '', NULL, NULL, NULL),
(191, 10, NULL, NULL, '9', NULL, NULL, NULL),
(192, 10, NULL, NULL, '14', NULL, NULL, NULL),
(193, 10, NULL, NULL, '', NULL, NULL, NULL),
(194, 10, NULL, NULL, '18', NULL, NULL, NULL),
(195, 10, NULL, NULL, '', NULL, NULL, NULL),
(196, 10, NULL, NULL, '20', NULL, NULL, NULL),
(197, 10, NULL, NULL, '', NULL, NULL, NULL),
(198, 10, NULL, NULL, '', NULL, NULL, NULL),
(199, 10, NULL, NULL, '', NULL, NULL, NULL),
(200, 10, NULL, NULL, '', NULL, NULL, NULL),
(201, 10, NULL, NULL, '', NULL, NULL, NULL),
(202, 10, NULL, NULL, '', NULL, NULL, NULL),
(203, 10, NULL, NULL, '', NULL, NULL, NULL),
(204, 10, NULL, NULL, '', NULL, NULL, NULL),
(205, 10, NULL, NULL, '22', NULL, NULL, NULL),
(206, 10, NULL, NULL, '24', NULL, NULL, NULL),
(207, 10, NULL, NULL, '26', NULL, NULL, NULL),
(208, 10, NULL, NULL, '28', NULL, NULL, NULL),
(209, 10, NULL, NULL, '', NULL, NULL, NULL),
(210, 10, NULL, NULL, '', NULL, NULL, NULL),
(211, 10, NULL, NULL, '30', NULL, NULL, NULL),
(212, 10, NULL, NULL, 'Ya', NULL, NULL, NULL),
(213, 10, NULL, NULL, '50', NULL, NULL, NULL),
(214, 10, NULL, NULL, 'Ya', NULL, NULL, NULL),
(215, 10, NULL, NULL, 'Ya', NULL, NULL, NULL),
(216, 10, NULL, NULL, 'Ya', NULL, NULL, NULL),
(217, 10, NULL, NULL, NULL, NULL, NULL, NULL),
(218, 10, NULL, NULL, NULL, NULL, NULL, NULL),
(219, 10, NULL, NULL, NULL, NULL, NULL, NULL),
(220, 10, NULL, NULL, NULL, NULL, NULL, NULL),
(221, 10, NULL, NULL, NULL, NULL, NULL, NULL),
(222, 10, NULL, NULL, NULL, NULL, NULL, NULL),
(223, 11, NULL, NULL, '', NULL, NULL, NULL),
(224, 11, NULL, NULL, '', NULL, NULL, NULL),
(225, 11, NULL, NULL, '', NULL, NULL, NULL),
(226, 11, NULL, NULL, '1', NULL, NULL, NULL),
(227, 11, NULL, NULL, '', NULL, NULL, NULL),
(228, 11, NULL, NULL, '9', NULL, NULL, NULL),
(229, 11, NULL, NULL, '14', NULL, NULL, NULL),
(230, 11, NULL, NULL, '', NULL, NULL, NULL),
(231, 11, NULL, NULL, '18', NULL, NULL, NULL),
(232, 11, NULL, NULL, '', NULL, NULL, NULL),
(233, 11, NULL, NULL, '20', NULL, NULL, NULL),
(234, 11, NULL, NULL, '', NULL, NULL, NULL),
(235, 11, NULL, NULL, '', NULL, NULL, NULL),
(236, 11, NULL, NULL, '', NULL, NULL, NULL),
(237, 11, NULL, NULL, '', NULL, NULL, NULL),
(238, 11, NULL, NULL, '', NULL, NULL, NULL),
(239, 11, NULL, NULL, '', NULL, NULL, NULL),
(240, 11, NULL, NULL, '', NULL, NULL, NULL),
(241, 11, NULL, NULL, '', NULL, NULL, NULL),
(242, 11, NULL, NULL, '22', NULL, NULL, NULL),
(243, 11, NULL, NULL, '24', NULL, NULL, NULL),
(244, 11, NULL, NULL, '26', NULL, NULL, NULL),
(245, 11, NULL, NULL, '28', NULL, NULL, NULL),
(246, 11, NULL, NULL, '', NULL, NULL, NULL),
(247, 11, NULL, NULL, '', NULL, NULL, NULL),
(248, 11, NULL, NULL, '30', NULL, NULL, NULL),
(249, 11, NULL, NULL, 'Ya', NULL, NULL, NULL),
(250, 11, NULL, NULL, '50', NULL, NULL, NULL),
(251, 11, NULL, NULL, 'Ya', NULL, NULL, NULL),
(252, 11, NULL, NULL, 'Ya', NULL, NULL, NULL),
(253, 11, NULL, NULL, 'Ya', NULL, NULL, NULL),
(254, 11, NULL, NULL, NULL, NULL, NULL, NULL),
(255, 11, NULL, NULL, NULL, NULL, NULL, NULL),
(256, 11, NULL, NULL, NULL, NULL, NULL, NULL),
(257, 11, NULL, NULL, NULL, NULL, NULL, NULL),
(258, 11, NULL, NULL, NULL, NULL, NULL, NULL),
(259, 11, NULL, NULL, NULL, NULL, NULL, NULL),
(260, 12, NULL, NULL, NULL, NULL, NULL, NULL),
(261, 12, NULL, NULL, NULL, NULL, NULL, NULL),
(262, 12, NULL, NULL, NULL, NULL, NULL, NULL),
(263, 12, NULL, NULL, NULL, NULL, NULL, NULL),
(264, 12, NULL, NULL, NULL, NULL, NULL, NULL),
(265, 12, NULL, NULL, NULL, NULL, NULL, NULL),
(266, 12, NULL, NULL, NULL, NULL, NULL, NULL),
(267, 12, NULL, NULL, NULL, NULL, NULL, NULL),
(268, 12, NULL, NULL, NULL, NULL, NULL, NULL),
(269, 12, NULL, NULL, NULL, NULL, NULL, NULL),
(270, 12, NULL, NULL, NULL, NULL, NULL, NULL),
(271, 12, NULL, NULL, NULL, NULL, NULL, NULL),
(272, 12, NULL, NULL, NULL, NULL, NULL, NULL),
(273, 12, NULL, NULL, NULL, NULL, NULL, NULL),
(274, 12, NULL, NULL, NULL, NULL, NULL, NULL),
(275, 12, NULL, NULL, NULL, NULL, NULL, NULL),
(276, 12, NULL, NULL, NULL, NULL, NULL, NULL),
(277, 12, NULL, NULL, NULL, NULL, NULL, NULL),
(278, 12, NULL, NULL, NULL, NULL, NULL, NULL),
(279, 12, NULL, NULL, NULL, NULL, NULL, NULL),
(280, 12, NULL, NULL, NULL, NULL, NULL, NULL),
(281, 12, NULL, NULL, NULL, NULL, NULL, NULL),
(282, 12, NULL, NULL, NULL, NULL, NULL, NULL),
(283, 12, NULL, NULL, NULL, NULL, NULL, NULL),
(284, 12, NULL, NULL, NULL, NULL, NULL, NULL),
(285, 12, NULL, NULL, NULL, NULL, NULL, NULL),
(286, 12, NULL, NULL, NULL, NULL, NULL, NULL),
(287, 12, NULL, NULL, NULL, NULL, NULL, NULL),
(288, 12, NULL, NULL, NULL, NULL, NULL, NULL),
(289, 12, NULL, NULL, NULL, NULL, NULL, NULL),
(290, 12, NULL, NULL, NULL, NULL, NULL, NULL),
(291, 12, NULL, NULL, NULL, NULL, NULL, NULL),
(292, 12, NULL, NULL, NULL, NULL, NULL, NULL),
(293, 12, NULL, NULL, NULL, NULL, NULL, NULL),
(294, 12, NULL, NULL, NULL, NULL, NULL, NULL),
(295, 12, NULL, NULL, NULL, NULL, NULL, NULL),
(296, 12, NULL, NULL, NULL, NULL, NULL, NULL),
(297, 13, NULL, NULL, '', NULL, NULL, NULL),
(298, 13, NULL, NULL, '', NULL, NULL, NULL),
(299, 13, NULL, NULL, '', NULL, NULL, NULL),
(300, 13, NULL, NULL, '1', NULL, NULL, NULL),
(301, 13, NULL, NULL, '', NULL, NULL, NULL),
(302, 13, NULL, NULL, '9', NULL, NULL, NULL),
(303, 13, NULL, NULL, '14', NULL, NULL, NULL),
(304, 13, NULL, NULL, '', NULL, NULL, NULL),
(305, 13, NULL, NULL, '18', NULL, NULL, NULL),
(306, 13, NULL, NULL, '', NULL, NULL, NULL),
(307, 13, NULL, NULL, '20', NULL, NULL, NULL),
(308, 13, NULL, NULL, '', NULL, NULL, NULL),
(309, 13, NULL, NULL, '', NULL, NULL, NULL),
(310, 13, NULL, NULL, '', NULL, NULL, NULL),
(311, 13, NULL, NULL, '', NULL, NULL, NULL),
(312, 13, NULL, NULL, '', NULL, NULL, NULL),
(313, 13, NULL, NULL, '', NULL, NULL, NULL),
(314, 13, NULL, NULL, '', NULL, NULL, NULL),
(315, 13, NULL, NULL, '', NULL, NULL, NULL),
(316, 13, NULL, NULL, '22', NULL, NULL, NULL),
(317, 13, NULL, NULL, '24', NULL, NULL, NULL),
(318, 13, NULL, NULL, '26', NULL, NULL, NULL),
(319, 13, NULL, NULL, '28', NULL, NULL, NULL),
(320, 13, NULL, NULL, '', NULL, NULL, NULL),
(321, 13, NULL, NULL, '', NULL, NULL, NULL),
(322, 13, NULL, NULL, '30', NULL, NULL, NULL),
(323, 13, NULL, NULL, 'Ya', NULL, NULL, NULL),
(324, 13, NULL, NULL, '50', NULL, NULL, NULL),
(325, 13, NULL, NULL, 'Ya', NULL, NULL, NULL),
(326, 13, NULL, NULL, 'Ya', NULL, NULL, NULL),
(327, 13, NULL, NULL, 'Ya', NULL, NULL, NULL),
(328, 13, NULL, NULL, NULL, NULL, NULL, NULL),
(329, 13, NULL, NULL, NULL, NULL, NULL, NULL),
(330, 13, NULL, NULL, NULL, NULL, NULL, NULL),
(331, 13, NULL, NULL, NULL, NULL, NULL, NULL),
(332, 13, NULL, NULL, NULL, NULL, NULL, NULL),
(333, 13, NULL, NULL, NULL, NULL, NULL, NULL),
(334, 14, 334, 1, '', NULL, NULL, NULL),
(335, 14, 335, 2, 'Ya', NULL, NULL, NULL),
(336, 14, 336, 3, '', NULL, NULL, NULL),
(337, 14, 337, 5, '1', NULL, NULL, NULL),
(338, 14, 338, 6, '', NULL, NULL, NULL),
(339, 14, 339, 7, '9', NULL, NULL, NULL),
(340, 14, 340, 8, '14', NULL, NULL, NULL),
(341, 14, 341, 9, '', NULL, NULL, NULL),
(342, 14, 342, 10, '18', NULL, NULL, NULL),
(343, 14, 343, 11, 'Pedagang', NULL, NULL, NULL),
(344, 14, 344, 12, '20', NULL, NULL, NULL),
(345, 14, 345, 13, '', NULL, NULL, NULL),
(346, 14, 346, 14, '', NULL, NULL, NULL),
(347, 14, 347, 15, '', NULL, NULL, NULL),
(348, 14, 348, 16, '', NULL, NULL, NULL),
(349, 14, 349, 20, '', NULL, NULL, NULL),
(350, 14, 350, 21, '', NULL, NULL, NULL),
(351, 14, 351, 22, '', NULL, NULL, NULL),
(352, 14, 352, 23, '', NULL, NULL, NULL),
(353, 14, 353, 24, '22', NULL, NULL, NULL),
(354, 14, 354, 25, '24', NULL, NULL, NULL),
(355, 14, 355, 26, '26', NULL, NULL, NULL),
(356, 14, 356, 27, '28', NULL, NULL, NULL),
(357, 14, 357, 28, '', NULL, NULL, NULL),
(358, 14, 358, 29, '', NULL, NULL, NULL),
(359, 14, 359, 30, '32', NULL, NULL, NULL),
(360, 14, 360, 31, 'Ya', NULL, NULL, NULL),
(361, 14, 361, 32, '50', NULL, NULL, NULL),
(362, 14, 362, 33, 'Ya', NULL, NULL, NULL),
(363, 14, 363, 34, 'Ya', NULL, NULL, NULL),
(364, 14, 364, 35, 'Ya', NULL, NULL, NULL),
(365, 14, 365, 36, NULL, NULL, NULL, NULL),
(366, 14, 366, 37, NULL, NULL, NULL, NULL),
(367, 14, 367, 38, NULL, NULL, NULL, NULL),
(368, 14, 368, 39, NULL, NULL, NULL, NULL),
(369, 14, 369, 40, NULL, NULL, NULL, NULL),
(370, 14, 370, 41, NULL, NULL, NULL, NULL),
(371, 15, NULL, NULL, NULL, NULL, NULL, NULL),
(372, 15, NULL, NULL, NULL, NULL, NULL, NULL),
(373, 15, NULL, NULL, NULL, NULL, NULL, NULL),
(374, 15, NULL, NULL, NULL, NULL, NULL, NULL),
(375, 15, NULL, NULL, NULL, NULL, NULL, NULL),
(376, 15, NULL, NULL, NULL, NULL, NULL, NULL),
(377, 15, NULL, NULL, NULL, NULL, NULL, NULL),
(378, 15, NULL, NULL, NULL, NULL, NULL, NULL),
(379, 15, NULL, NULL, NULL, NULL, NULL, NULL),
(380, 15, NULL, NULL, NULL, NULL, NULL, NULL),
(381, 15, NULL, NULL, NULL, NULL, NULL, NULL),
(382, 15, NULL, NULL, NULL, NULL, NULL, NULL),
(383, 15, NULL, NULL, NULL, NULL, NULL, NULL),
(384, 15, NULL, NULL, NULL, NULL, NULL, NULL),
(385, 15, NULL, NULL, NULL, NULL, NULL, NULL),
(386, 15, NULL, NULL, NULL, NULL, NULL, NULL),
(387, 15, NULL, NULL, NULL, NULL, NULL, NULL),
(388, 15, NULL, NULL, NULL, NULL, NULL, NULL),
(389, 15, NULL, NULL, NULL, NULL, NULL, NULL),
(390, 15, NULL, NULL, NULL, NULL, NULL, NULL),
(391, 15, NULL, NULL, NULL, NULL, NULL, NULL),
(392, 15, NULL, NULL, NULL, NULL, NULL, NULL),
(393, 15, NULL, NULL, NULL, NULL, NULL, NULL),
(394, 15, NULL, NULL, NULL, NULL, NULL, NULL),
(395, 15, NULL, NULL, NULL, NULL, NULL, NULL),
(396, 15, NULL, NULL, NULL, NULL, NULL, NULL),
(397, 15, NULL, NULL, NULL, NULL, NULL, NULL),
(398, 15, NULL, NULL, NULL, NULL, NULL, NULL),
(399, 15, NULL, NULL, NULL, NULL, NULL, NULL),
(400, 15, NULL, NULL, NULL, NULL, NULL, NULL),
(401, 15, NULL, NULL, NULL, NULL, NULL, NULL),
(402, 15, NULL, NULL, NULL, NULL, NULL, NULL),
(403, 15, NULL, NULL, NULL, NULL, NULL, NULL),
(404, 15, NULL, NULL, NULL, NULL, NULL, NULL),
(405, 15, NULL, NULL, NULL, NULL, NULL, NULL),
(406, 15, NULL, NULL, NULL, NULL, NULL, NULL),
(407, 15, NULL, NULL, NULL, NULL, NULL, NULL),
(408, 16, 408, 1, NULL, NULL, NULL, NULL),
(409, 16, 409, 2, '55', NULL, NULL, NULL),
(410, 16, 410, 3, NULL, NULL, NULL, NULL),
(411, 16, 411, 5, '1', NULL, NULL, NULL),
(412, 16, 412, 6, '', NULL, NULL, NULL),
(413, 16, 413, 7, '9', NULL, NULL, NULL),
(414, 16, 414, 8, '14', NULL, NULL, NULL),
(415, 16, 415, 9, '', NULL, NULL, NULL),
(416, 16, 416, 10, '18', NULL, NULL, NULL),
(417, 16, 417, 11, 'A', NULL, NULL, NULL),
(418, 16, 418, 12, '20', NULL, NULL, NULL),
(419, 16, 419, 13, '', NULL, NULL, NULL),
(420, 16, 420, 14, '', NULL, NULL, NULL),
(421, 16, 421, 15, '', NULL, NULL, NULL),
(422, 16, 422, 16, '', NULL, NULL, NULL),
(423, 16, 423, 20, '', NULL, NULL, NULL),
(424, 16, 424, 21, '', NULL, NULL, NULL),
(425, 16, 425, 22, '', NULL, NULL, NULL),
(426, 16, 426, 23, '', NULL, NULL, NULL),
(427, 16, 427, 24, '22', NULL, NULL, NULL),
(428, 16, 428, 25, '24', NULL, NULL, NULL),
(429, 16, 429, 26, '26', NULL, NULL, NULL),
(430, 16, 430, 27, '28', NULL, NULL, NULL),
(431, 16, 431, 28, '', NULL, NULL, NULL),
(432, 16, 432, 29, '', NULL, NULL, NULL),
(433, 16, 433, 30, '[[\"Buta Warna Total\"]]', NULL, NULL, NULL),
(434, 16, 434, 31, 'Ya', NULL, NULL, NULL),
(435, 16, 435, 32, '50', NULL, NULL, NULL),
(436, 16, 436, 33, 'Ya', NULL, NULL, NULL),
(437, 16, 437, 34, 'Ya', NULL, NULL, NULL),
(438, 16, 438, 35, 'Ya', NULL, NULL, NULL),
(439, 16, 439, 36, NULL, NULL, NULL, NULL),
(440, 16, 440, 37, NULL, NULL, NULL, NULL),
(441, 16, 441, 38, NULL, NULL, NULL, NULL),
(442, 16, 442, 39, NULL, NULL, NULL, NULL),
(443, 16, 443, 40, NULL, NULL, NULL, NULL),
(444, 16, 444, 41, NULL, NULL, NULL, NULL),
(445, 17, 260, 1, NULL, NULL, NULL, NULL),
(446, 17, 261, 2, '56', NULL, NULL, NULL),
(447, 17, 262, 3, NULL, NULL, NULL, NULL),
(448, 17, 263, 5, '1', NULL, NULL, NULL),
(449, 17, 264, 6, '', NULL, NULL, NULL),
(450, 17, 265, 7, '9', NULL, NULL, NULL),
(451, 17, 266, 8, '14', NULL, NULL, NULL),
(452, 17, 267, 9, '', NULL, NULL, NULL),
(453, 17, 268, 10, '18', NULL, NULL, NULL),
(454, 17, 269, 11, 'Pedagang', NULL, NULL, NULL),
(455, 17, 270, 12, '20', NULL, NULL, NULL),
(456, 17, 271, 13, '', NULL, NULL, NULL),
(457, 17, 272, 14, '', NULL, NULL, NULL),
(458, 17, 273, 15, '', NULL, NULL, NULL),
(459, 17, 274, 16, '', NULL, NULL, NULL),
(460, 17, 275, 20, '', NULL, NULL, NULL),
(461, 17, 276, 21, '', NULL, NULL, NULL),
(462, 17, 277, 22, '', NULL, NULL, NULL),
(463, 17, 278, 23, '', NULL, NULL, NULL),
(464, 17, 279, 24, '22', NULL, NULL, NULL),
(465, 17, 280, 25, '24', NULL, NULL, NULL),
(466, 17, 281, 26, '26', NULL, NULL, NULL),
(467, 17, 282, 27, '28', NULL, NULL, NULL),
(468, 17, 283, 28, '', NULL, NULL, NULL),
(469, 17, 284, 29, '', NULL, NULL, NULL),
(470, 17, 285, 30, '[[\"Buta Warna Total\"]]', NULL, NULL, NULL),
(471, 17, 286, 31, 'Ya', NULL, NULL, NULL),
(472, 17, 287, 32, '50', NULL, NULL, NULL),
(473, 17, 288, 33, 'Ya', NULL, NULL, NULL),
(474, 17, 289, 34, 'Ya', NULL, NULL, NULL),
(475, 17, 290, 35, 'Ya', NULL, NULL, NULL),
(476, 17, 291, 36, NULL, NULL, NULL, NULL),
(477, 17, 292, 37, NULL, NULL, NULL, NULL),
(478, 17, 293, 38, NULL, NULL, NULL, NULL),
(479, 17, 294, 39, NULL, NULL, NULL, NULL),
(480, 17, 295, 40, NULL, NULL, NULL, NULL),
(481, 17, 296, 41, NULL, NULL, NULL, NULL),
(482, 18, 297, 1, NULL, NULL, NULL, NULL),
(483, 18, 298, 2, '56', NULL, NULL, NULL),
(484, 18, 299, 3, NULL, NULL, NULL, NULL),
(485, 18, 300, 5, '1', NULL, NULL, NULL),
(486, 18, 301, 6, '', NULL, NULL, NULL),
(487, 18, 302, 7, '9', NULL, NULL, NULL),
(488, 18, 303, 8, '14', NULL, NULL, NULL),
(489, 18, 304, 9, '', NULL, NULL, NULL),
(490, 18, 305, 10, '18', NULL, NULL, NULL),
(491, 18, 306, 11, 'Pedagang', NULL, NULL, NULL),
(492, 18, 307, 12, '20', NULL, NULL, NULL),
(493, 18, 308, 13, '', NULL, NULL, NULL),
(494, 18, 309, 14, '', NULL, NULL, NULL),
(495, 18, 310, 15, '', NULL, NULL, NULL),
(496, 18, 311, 16, '', NULL, NULL, NULL),
(497, 18, 312, 20, '', NULL, NULL, NULL),
(498, 18, 313, 21, '', NULL, NULL, NULL),
(499, 18, 314, 22, '', NULL, NULL, NULL),
(500, 18, 315, 23, '', NULL, NULL, NULL),
(501, 18, 316, 24, '22', NULL, NULL, NULL),
(502, 18, 317, 25, '24', NULL, NULL, NULL),
(503, 18, 318, 26, '26', NULL, NULL, NULL),
(504, 18, 319, 27, '28', NULL, NULL, NULL),
(505, 18, 320, 28, '', NULL, NULL, NULL),
(506, 18, 321, 29, '', NULL, NULL, NULL),
(507, 18, 322, 30, '[]', NULL, NULL, NULL),
(508, 18, 323, 31, 'Ya', NULL, NULL, NULL),
(509, 18, 324, 32, '50', NULL, NULL, NULL),
(510, 18, 325, 33, 'Ya', NULL, NULL, NULL),
(511, 18, 326, 34, 'Ya', NULL, NULL, NULL),
(512, 18, 327, 35, 'Ya', NULL, NULL, NULL),
(513, 18, 328, 36, NULL, NULL, NULL, NULL),
(514, 18, 329, 37, NULL, NULL, NULL, NULL),
(515, 18, 330, 38, NULL, NULL, NULL, NULL),
(516, 18, 331, 39, NULL, NULL, NULL, NULL),
(517, 18, 332, 40, NULL, NULL, NULL, NULL),
(518, 18, 333, 41, NULL, NULL, NULL, NULL),
(519, 19, 260, 1, NULL, NULL, NULL, NULL),
(520, 19, 261, 2, '55', NULL, NULL, NULL),
(521, 19, 262, 3, NULL, NULL, NULL, NULL),
(522, 19, 263, 5, '1', NULL, NULL, NULL),
(523, 19, 264, 6, '', NULL, NULL, NULL),
(524, 19, 265, 7, '9', NULL, NULL, NULL),
(525, 19, 266, 8, '14', NULL, NULL, NULL),
(526, 19, 267, 9, '', NULL, NULL, NULL),
(527, 19, 268, 10, '18', NULL, NULL, NULL),
(528, 19, 269, 11, 'Swasta', NULL, NULL, NULL),
(529, 19, 270, 12, '20', NULL, NULL, NULL),
(530, 19, 271, 13, '', NULL, NULL, NULL),
(531, 19, 272, 14, '', NULL, NULL, NULL),
(532, 19, 273, 15, '', NULL, NULL, NULL),
(533, 19, 274, 16, '', NULL, NULL, NULL),
(534, 19, 275, 20, '', NULL, NULL, NULL),
(535, 19, 276, 21, '', NULL, NULL, NULL),
(536, 19, 277, 22, '', NULL, NULL, NULL),
(537, 19, 278, 23, '', NULL, NULL, NULL),
(538, 19, 279, 24, '22', NULL, NULL, NULL),
(539, 19, 280, 25, '24', NULL, NULL, NULL),
(540, 19, 281, 26, '26', NULL, NULL, NULL),
(541, 19, 282, 27, '28', NULL, NULL, NULL),
(542, 19, 283, 28, '', NULL, NULL, NULL),
(543, 19, 284, 29, '', NULL, NULL, NULL),
(544, 19, 285, 30, '[]', NULL, NULL, NULL),
(545, 19, 286, 31, 'Ya', NULL, NULL, NULL),
(546, 19, 287, 32, '50', NULL, NULL, NULL),
(547, 19, 288, 33, 'Ya', NULL, NULL, NULL),
(548, 19, 289, 34, 'Ya', NULL, NULL, NULL),
(549, 19, 290, 35, 'Ya', NULL, NULL, NULL),
(550, 19, 291, 36, NULL, NULL, NULL, NULL),
(551, 19, 292, 37, NULL, NULL, NULL, NULL),
(552, 19, 293, 38, NULL, NULL, NULL, NULL),
(553, 19, 294, 39, NULL, NULL, NULL, NULL),
(554, 19, 295, 40, NULL, NULL, NULL, NULL),
(555, 19, 296, 41, NULL, NULL, NULL, NULL),
(556, 20, 297, 1, NULL, NULL, NULL, NULL),
(557, 20, 298, 2, '55', NULL, NULL, NULL),
(558, 20, 299, 3, NULL, NULL, NULL, NULL),
(559, 20, 300, 5, '1', NULL, NULL, NULL),
(560, 20, 301, 6, '', NULL, NULL, NULL),
(561, 20, 302, 7, '9', NULL, NULL, NULL),
(562, 20, 303, 8, '14', NULL, NULL, NULL),
(563, 20, 304, 9, '', NULL, NULL, NULL),
(564, 20, 305, 10, '18', NULL, NULL, NULL),
(565, 20, 306, 11, 'Wiraswasta', NULL, NULL, NULL),
(566, 20, 307, 12, '20', NULL, NULL, NULL),
(567, 20, 308, 13, '', NULL, NULL, NULL),
(568, 20, 309, 14, '', NULL, NULL, NULL),
(569, 20, 310, 15, '', NULL, NULL, NULL),
(570, 20, 311, 16, '', NULL, NULL, NULL),
(571, 20, 312, 20, '', NULL, NULL, NULL),
(572, 20, 313, 21, '', NULL, NULL, NULL),
(573, 20, 314, 22, '', NULL, NULL, NULL),
(574, 20, 315, 23, '', NULL, NULL, NULL),
(575, 20, 316, 24, '22', NULL, NULL, NULL),
(576, 20, 317, 25, '24', NULL, NULL, NULL),
(577, 20, 318, 26, '26', NULL, NULL, NULL),
(578, 20, 319, 27, '28', NULL, NULL, NULL),
(579, 20, 320, 28, '', NULL, NULL, NULL),
(580, 20, 321, 29, '', NULL, NULL, NULL),
(581, 20, 322, 30, '[]', NULL, NULL, NULL),
(582, 20, 323, 31, 'Ya', NULL, NULL, NULL),
(583, 20, 324, 32, '50', NULL, NULL, NULL),
(584, 20, 325, 33, 'Ya', NULL, NULL, NULL),
(585, 20, 326, 34, 'Ya', NULL, NULL, NULL),
(586, 20, 327, 35, 'Ya', NULL, NULL, NULL),
(587, 20, 328, 36, NULL, NULL, NULL, NULL),
(588, 20, 329, 37, NULL, NULL, NULL, NULL),
(589, 20, 330, 38, NULL, NULL, NULL, NULL),
(590, 20, 331, 39, NULL, NULL, NULL, NULL),
(591, 20, 332, 40, NULL, NULL, NULL, NULL),
(592, 20, 333, 41, NULL, NULL, NULL, NULL),
(593, 21, 297, 1, NULL, NULL, NULL, NULL),
(594, 21, 298, 2, '55', NULL, NULL, NULL),
(595, 21, 299, 3, NULL, NULL, NULL, NULL),
(596, 21, 300, 5, '1', NULL, NULL, NULL),
(597, 21, 301, 6, '', NULL, NULL, NULL),
(598, 21, 302, 7, '9', NULL, NULL, NULL),
(599, 21, 303, 8, '14', NULL, NULL, NULL),
(600, 21, 304, 9, '', NULL, NULL, NULL),
(601, 21, 305, 10, '18', NULL, NULL, NULL),
(602, 21, 306, 11, 'Wiraswasta', NULL, NULL, NULL),
(603, 21, 307, 12, '20', NULL, NULL, NULL),
(604, 21, 308, 13, '', NULL, NULL, NULL),
(605, 21, 309, 14, '', NULL, NULL, NULL),
(606, 21, 310, 15, '', NULL, NULL, NULL),
(607, 21, 311, 16, '', NULL, NULL, NULL),
(608, 21, 312, 20, '', NULL, NULL, NULL),
(609, 21, 313, 21, '', NULL, NULL, NULL),
(610, 21, 314, 22, '', NULL, NULL, NULL),
(611, 21, 315, 23, '', NULL, NULL, NULL),
(612, 21, 316, 24, '22', NULL, NULL, NULL),
(613, 21, 317, 25, '24', NULL, NULL, NULL),
(614, 21, 318, 26, '26', NULL, NULL, NULL),
(615, 21, 319, 27, '28', NULL, NULL, NULL),
(616, 21, 320, 28, '', NULL, NULL, NULL),
(617, 21, 321, 29, '', NULL, NULL, NULL),
(618, 21, 322, 30, '[]', NULL, NULL, NULL),
(619, 21, 323, 31, 'Ya', NULL, NULL, NULL),
(620, 21, 324, 32, '50', NULL, NULL, NULL),
(621, 21, 325, 33, 'Ya', NULL, NULL, NULL),
(622, 21, 326, 34, 'Ya', NULL, NULL, NULL),
(623, 21, 327, 35, 'Ya', NULL, NULL, NULL),
(624, 21, 328, 36, NULL, NULL, NULL, NULL),
(625, 21, 329, 37, NULL, NULL, NULL, NULL),
(626, 21, 330, 38, NULL, NULL, NULL, NULL),
(627, 21, 331, 39, NULL, NULL, NULL, NULL),
(628, 21, 332, 40, NULL, NULL, NULL, NULL),
(629, 21, 333, 41, NULL, NULL, NULL, NULL),
(630, 22, 297, 1, NULL, NULL, NULL, NULL),
(631, 22, 298, 2, '55', NULL, NULL, NULL),
(632, 22, 299, 3, NULL, NULL, NULL, NULL),
(633, 22, 300, 5, '1', NULL, NULL, NULL),
(634, 22, 301, 6, '', NULL, NULL, NULL),
(635, 22, 302, 7, '9', NULL, NULL, NULL),
(636, 22, 303, 8, '14', NULL, NULL, NULL),
(637, 22, 304, 9, '', NULL, NULL, NULL),
(638, 22, 305, 10, '18', NULL, NULL, NULL),
(639, 22, 306, 11, 'Wiraswasta', NULL, NULL, NULL),
(640, 22, 307, 12, '20', NULL, NULL, NULL),
(641, 22, 308, 13, '', NULL, NULL, NULL),
(642, 22, 309, 14, '', NULL, NULL, NULL),
(643, 22, 310, 15, '', NULL, NULL, NULL),
(644, 22, 311, 16, '', NULL, NULL, NULL),
(645, 22, 312, 20, '', NULL, NULL, NULL),
(646, 22, 313, 21, '', NULL, NULL, NULL),
(647, 22, 314, 22, '', NULL, NULL, NULL),
(648, 22, 315, 23, '', NULL, NULL, NULL),
(649, 22, 316, 24, '22', NULL, NULL, NULL),
(650, 22, 317, 25, '24', NULL, NULL, NULL),
(651, 22, 318, 26, '26', NULL, NULL, NULL),
(652, 22, 319, 27, '28', NULL, NULL, NULL),
(653, 22, 320, 28, '', NULL, NULL, NULL),
(654, 22, 321, 29, '', NULL, NULL, NULL),
(655, 22, 322, 30, '[]', NULL, NULL, NULL),
(656, 22, 323, 31, 'Ya', NULL, NULL, NULL),
(657, 22, 324, 32, '50', NULL, NULL, NULL),
(658, 22, 325, 33, 'Ya', NULL, NULL, NULL),
(659, 22, 326, 34, 'Ya', NULL, NULL, NULL),
(660, 22, 327, 35, 'Ya', NULL, NULL, NULL),
(661, 22, 328, 36, NULL, NULL, NULL, NULL),
(662, 22, 329, 37, NULL, NULL, NULL, NULL),
(663, 22, 330, 38, NULL, NULL, NULL, NULL),
(664, 22, 331, 39, NULL, NULL, NULL, NULL),
(665, 22, 332, 40, NULL, NULL, NULL, NULL),
(666, 22, 333, 41, NULL, NULL, NULL, NULL),
(667, 23, 260, 1, NULL, NULL, NULL, NULL),
(668, 23, 261, 2, '55', NULL, NULL, NULL),
(669, 23, 262, 3, NULL, NULL, NULL, NULL),
(670, 23, 263, 5, '1', NULL, NULL, NULL),
(671, 23, 264, 6, '', NULL, NULL, NULL),
(672, 23, 265, 7, '9', NULL, NULL, NULL),
(673, 23, 266, 8, '14', NULL, NULL, NULL),
(674, 23, 267, 9, '', NULL, NULL, NULL),
(675, 23, 268, 10, '18', NULL, NULL, NULL),
(676, 23, 269, 11, 'Tidak bekerja', NULL, NULL, NULL),
(677, 23, 270, 12, '20', NULL, NULL, NULL),
(678, 23, 271, 13, '', NULL, NULL, NULL),
(679, 23, 272, 14, '', NULL, NULL, NULL),
(680, 23, 273, 15, '', NULL, NULL, NULL),
(681, 23, 274, 16, '', NULL, NULL, NULL),
(682, 23, 275, 20, '', NULL, NULL, NULL),
(683, 23, 276, 21, '', NULL, NULL, NULL),
(684, 23, 277, 22, '', NULL, NULL, NULL),
(685, 23, 278, 23, '', NULL, NULL, NULL),
(686, 23, 279, 24, '22', NULL, NULL, NULL),
(687, 23, 280, 25, '24', NULL, NULL, NULL),
(688, 23, 281, 26, '26', NULL, NULL, NULL),
(689, 23, 282, 27, '28', NULL, NULL, NULL),
(690, 23, 283, 28, '', NULL, NULL, NULL),
(691, 23, 284, 29, '', NULL, NULL, NULL),
(692, 23, 285, 30, '[]', NULL, NULL, NULL),
(693, 23, 286, 31, 'Ya', NULL, NULL, NULL),
(694, 23, 287, 32, '50', NULL, NULL, NULL),
(695, 23, 288, 33, 'Ya', NULL, NULL, NULL),
(696, 23, 289, 34, 'Ya', NULL, NULL, NULL),
(697, 23, 290, 35, 'Ya', NULL, NULL, NULL),
(698, 23, 291, 36, NULL, NULL, NULL, NULL),
(699, 23, 292, 37, NULL, NULL, NULL, NULL),
(700, 23, 293, 38, NULL, NULL, NULL, NULL),
(701, 23, 294, 39, NULL, NULL, NULL, NULL),
(702, 23, 295, 40, NULL, NULL, NULL, NULL),
(703, 23, 296, 41, NULL, NULL, NULL, NULL),
(704, 24, NULL, NULL, NULL, NULL, NULL, NULL),
(705, 24, NULL, NULL, NULL, NULL, NULL, NULL),
(706, 24, NULL, NULL, NULL, NULL, NULL, NULL),
(707, 24, NULL, NULL, '1', NULL, NULL, NULL),
(708, 24, NULL, NULL, '', NULL, NULL, NULL),
(709, 24, NULL, NULL, '9', NULL, NULL, NULL),
(710, 24, NULL, NULL, '14', NULL, NULL, NULL),
(711, 24, NULL, NULL, '', NULL, NULL, NULL),
(712, 24, NULL, NULL, '18', NULL, NULL, NULL),
(713, 24, NULL, NULL, '', NULL, NULL, NULL),
(714, 24, NULL, NULL, '20', NULL, NULL, NULL),
(715, 24, NULL, NULL, '', NULL, NULL, NULL),
(716, 24, NULL, NULL, '', NULL, NULL, NULL),
(717, 24, NULL, NULL, '', NULL, NULL, NULL),
(718, 24, NULL, NULL, '', NULL, NULL, NULL),
(719, 24, NULL, NULL, '', NULL, NULL, NULL),
(720, 24, NULL, NULL, '', NULL, NULL, NULL),
(721, 24, NULL, NULL, '', NULL, NULL, NULL),
(722, 24, NULL, NULL, '', NULL, NULL, NULL),
(723, 24, NULL, NULL, '22', NULL, NULL, NULL),
(724, 24, NULL, NULL, '24', NULL, NULL, NULL),
(725, 24, NULL, NULL, '26', NULL, NULL, NULL),
(726, 24, NULL, NULL, '28', NULL, NULL, NULL),
(727, 24, NULL, NULL, '', NULL, NULL, NULL),
(728, 24, NULL, NULL, '', NULL, NULL, NULL),
(729, 24, NULL, NULL, '[]', NULL, NULL, NULL),
(730, 24, NULL, NULL, 'Ya', NULL, NULL, NULL),
(731, 24, NULL, NULL, '50', NULL, NULL, NULL),
(732, 24, NULL, NULL, 'Ya', NULL, NULL, NULL),
(733, 24, NULL, NULL, 'Ya', NULL, NULL, NULL),
(734, 24, NULL, NULL, 'Ya', NULL, NULL, NULL),
(735, 24, NULL, NULL, NULL, NULL, NULL, NULL),
(736, 24, NULL, NULL, NULL, NULL, NULL, NULL),
(737, 24, NULL, NULL, NULL, NULL, NULL, NULL),
(738, 24, NULL, NULL, NULL, NULL, NULL, NULL),
(739, 24, NULL, NULL, NULL, NULL, NULL, NULL),
(740, 24, NULL, NULL, NULL, NULL, NULL, NULL),
(741, 25, 297, 1, NULL, NULL, NULL, NULL),
(742, 25, 298, 2, '55', NULL, NULL, NULL),
(743, 25, 299, 3, NULL, NULL, NULL, NULL),
(744, 25, 300, 5, '1', NULL, NULL, NULL),
(745, 25, 301, 6, '', NULL, NULL, NULL),
(746, 25, 302, 7, '9', NULL, NULL, NULL),
(747, 25, 303, 8, '14', NULL, NULL, NULL),
(748, 25, 304, 9, '', NULL, NULL, NULL),
(749, 25, 305, 10, '18', NULL, NULL, NULL),
(750, 25, 306, 11, '-', NULL, NULL, NULL),
(751, 25, 307, 12, '20', NULL, NULL, NULL),
(752, 25, 308, 13, '', NULL, NULL, NULL),
(753, 25, 309, 14, '', NULL, NULL, NULL),
(754, 25, 310, 15, '', NULL, NULL, NULL),
(755, 25, 311, 16, '', NULL, NULL, NULL),
(756, 25, 312, 20, '', NULL, NULL, NULL),
(757, 25, 313, 21, '', NULL, NULL, NULL),
(758, 25, 314, 22, '', NULL, NULL, NULL),
(759, 25, 315, 23, '', NULL, NULL, NULL),
(760, 25, 316, 24, '22', NULL, NULL, NULL),
(761, 25, 317, 25, '24', NULL, NULL, NULL),
(762, 25, 318, 26, '26', NULL, NULL, NULL),
(763, 25, 319, 27, '28', NULL, NULL, NULL),
(764, 25, 320, 28, '', NULL, NULL, NULL),
(765, 25, 321, 29, '', NULL, NULL, NULL),
(766, 25, 322, 30, '[]', NULL, NULL, NULL),
(767, 25, 323, 31, 'Ya', NULL, NULL, NULL),
(768, 25, 324, 32, '50', NULL, NULL, NULL),
(769, 25, 325, 33, 'Ya', NULL, NULL, NULL),
(770, 25, 326, 34, 'Ya', NULL, NULL, NULL),
(771, 25, 327, 35, 'Ya', NULL, NULL, NULL),
(772, 25, 328, 36, NULL, NULL, NULL, NULL),
(773, 25, 329, 37, NULL, NULL, NULL, NULL),
(774, 25, 330, 38, NULL, NULL, NULL, NULL),
(775, 25, 331, 39, NULL, NULL, NULL, NULL),
(776, 25, 332, 40, NULL, NULL, NULL, NULL),
(777, 25, 333, 41, NULL, NULL, NULL, NULL),
(778, 26, 297, 1, NULL, NULL, NULL, NULL),
(779, 26, 298, 2, '55', NULL, NULL, NULL),
(780, 26, 299, 3, NULL, NULL, NULL, NULL),
(781, 26, 300, 5, '1', NULL, NULL, NULL),
(782, 26, 301, 6, '', NULL, NULL, NULL),
(783, 26, 302, 7, '9', NULL, NULL, NULL),
(784, 26, 303, 8, '14', NULL, NULL, NULL),
(785, 26, 304, 9, '', NULL, NULL, NULL),
(786, 26, 305, 10, '18', NULL, NULL, NULL),
(787, 26, 306, 11, '-', NULL, NULL, NULL),
(788, 26, 307, 12, '20', NULL, NULL, NULL),
(789, 26, 308, 13, '', NULL, NULL, NULL),
(790, 26, 309, 14, '', NULL, NULL, NULL),
(791, 26, 310, 15, '', NULL, NULL, NULL),
(792, 26, 311, 16, '', NULL, NULL, NULL),
(793, 26, 312, 20, '', NULL, NULL, NULL),
(794, 26, 313, 21, '', NULL, NULL, NULL),
(795, 26, 314, 22, '', NULL, NULL, NULL),
(796, 26, 315, 23, '', NULL, NULL, NULL),
(797, 26, 316, 24, '22', NULL, NULL, NULL),
(798, 26, 317, 25, '24', NULL, NULL, NULL),
(799, 26, 318, 26, '26', NULL, NULL, NULL),
(800, 26, 319, 27, '28', NULL, NULL, NULL),
(801, 26, 320, 28, '', NULL, NULL, NULL),
(802, 26, 321, 29, '', NULL, NULL, NULL),
(803, 26, 322, 30, '[]', NULL, NULL, NULL),
(804, 26, 323, 31, 'Ya', NULL, NULL, NULL),
(805, 26, 324, 32, '50', NULL, NULL, NULL),
(806, 26, 325, 33, 'Ya', NULL, NULL, NULL),
(807, 26, 326, 34, 'Ya', NULL, NULL, NULL),
(808, 26, 327, 35, 'Ya', NULL, NULL, NULL),
(809, 26, 328, 36, NULL, NULL, NULL, NULL),
(810, 26, 329, 37, NULL, NULL, NULL, NULL),
(811, 26, 330, 38, NULL, NULL, NULL, NULL),
(812, 26, 331, 39, NULL, NULL, NULL, NULL),
(813, 26, 332, 40, NULL, NULL, NULL, NULL),
(814, 26, 333, 41, NULL, NULL, NULL, NULL),
(815, 27, 260, 1, NULL, NULL, NULL, NULL),
(816, 27, 261, 2, '55', NULL, NULL, NULL),
(817, 27, 262, 3, NULL, NULL, NULL, NULL),
(818, 27, 263, 5, '1', NULL, NULL, NULL),
(819, 27, 264, 6, '', NULL, NULL, NULL),
(820, 27, 265, 7, '9', NULL, NULL, NULL),
(821, 27, 266, 8, '14', NULL, NULL, NULL),
(822, 27, 267, 9, '', NULL, NULL, NULL),
(823, 27, 268, 10, '18', NULL, NULL, NULL),
(824, 27, 269, 11, 'PNS', NULL, NULL, NULL),
(825, 27, 270, 12, '20', NULL, NULL, NULL),
(826, 27, 271, 13, '', NULL, NULL, NULL),
(827, 27, 272, 14, '', NULL, NULL, NULL),
(828, 27, 273, 15, '', NULL, NULL, NULL),
(829, 27, 274, 16, '', NULL, NULL, NULL),
(830, 27, 275, 20, '', NULL, NULL, NULL),
(831, 27, 276, 21, '', NULL, NULL, NULL),
(832, 27, 277, 22, '', NULL, NULL, NULL),
(833, 27, 278, 23, '', NULL, NULL, NULL),
(834, 27, 279, 24, '22', NULL, NULL, NULL),
(835, 27, 280, 25, '24', NULL, NULL, NULL),
(836, 27, 281, 26, '26', NULL, NULL, NULL),
(837, 27, 282, 27, '28', NULL, NULL, NULL),
(838, 27, 283, 28, '', NULL, NULL, NULL),
(839, 27, 284, 29, '', NULL, NULL, NULL),
(840, 27, 285, 30, '[]', NULL, NULL, NULL),
(841, 27, 286, 31, 'Ya', NULL, NULL, NULL),
(842, 27, 287, 32, '50', NULL, NULL, NULL),
(843, 27, 288, 33, 'Ya', NULL, NULL, NULL),
(844, 27, 289, 34, 'Ya', NULL, NULL, NULL),
(845, 27, 290, 35, 'Ya', NULL, NULL, NULL),
(846, 27, 291, 36, NULL, NULL, NULL, NULL),
(847, 27, 292, 37, NULL, NULL, NULL, NULL),
(848, 27, 293, 38, NULL, NULL, NULL, NULL),
(849, 27, 294, 39, NULL, NULL, NULL, NULL),
(850, 27, 295, 40, NULL, NULL, NULL, NULL),
(851, 27, 296, 41, NULL, NULL, NULL, NULL),
(852, 28, 445, 1, NULL, NULL, NULL, NULL),
(853, 28, 446, 2, '55', NULL, NULL, NULL),
(854, 28, 447, 3, NULL, NULL, NULL, NULL),
(855, 28, 448, 5, '1', NULL, NULL, NULL),
(856, 28, 449, 6, '', NULL, NULL, NULL),
(857, 28, 450, 7, '9', NULL, NULL, NULL),
(858, 28, 451, 8, '14', NULL, NULL, NULL),
(859, 28, 452, 9, '', NULL, NULL, NULL),
(860, 28, 453, 10, '18', NULL, NULL, NULL),
(861, 28, 454, 11, 'Purn', NULL, NULL, NULL),
(862, 28, 455, 12, '20', NULL, NULL, NULL),
(863, 28, 456, 13, '', NULL, NULL, NULL),
(864, 28, 457, 14, '', NULL, NULL, NULL),
(865, 28, 458, 15, '', NULL, NULL, NULL),
(866, 28, 459, 16, '', NULL, NULL, NULL),
(867, 28, 460, 20, '', NULL, NULL, NULL),
(868, 28, 461, 21, '', NULL, NULL, NULL),
(869, 28, 462, 22, '', NULL, NULL, NULL),
(870, 28, 463, 23, '', NULL, NULL, NULL),
(871, 28, 464, 24, '22', NULL, NULL, NULL),
(872, 28, 465, 25, '24', NULL, NULL, NULL),
(873, 28, 466, 26, '26', NULL, NULL, NULL),
(874, 28, 467, 27, '28', NULL, NULL, NULL),
(875, 28, 468, 28, '', NULL, NULL, NULL),
(876, 28, 469, 29, '', NULL, NULL, NULL),
(877, 28, 470, 30, '[]', NULL, NULL, NULL),
(878, 28, 471, 31, 'Ya', NULL, NULL, NULL),
(879, 28, 472, 32, '50', NULL, NULL, NULL),
(880, 28, 473, 33, 'Ya', NULL, NULL, NULL),
(881, 28, 474, 34, 'Ya', NULL, NULL, NULL),
(882, 28, 475, 35, 'Ya', NULL, NULL, NULL),
(883, 28, 476, 36, NULL, NULL, NULL, NULL),
(884, 28, 477, 37, NULL, NULL, NULL, NULL),
(885, 28, 478, 38, NULL, NULL, NULL, NULL),
(886, 28, 479, 39, NULL, NULL, NULL, NULL),
(887, 28, 480, 40, NULL, NULL, NULL, NULL),
(888, 28, 481, 41, NULL, NULL, NULL, NULL),
(889, 29, 334, 1, NULL, NULL, NULL, NULL),
(890, 29, 335, 2, '55', NULL, NULL, NULL),
(891, 29, 336, 3, NULL, NULL, NULL, NULL),
(892, 29, 337, 5, '1', NULL, NULL, NULL),
(893, 29, 338, 6, '', NULL, NULL, NULL),
(894, 29, 339, 7, '9', NULL, NULL, NULL),
(895, 29, 340, 8, '14', NULL, NULL, NULL),
(896, 29, 341, 9, '', NULL, NULL, NULL),
(897, 29, 342, 10, '18', NULL, NULL, NULL),
(898, 29, 343, 11, 'Purn', NULL, NULL, NULL),
(899, 29, 344, 12, '20', NULL, NULL, NULL),
(900, 29, 345, 13, '', NULL, NULL, NULL),
(901, 29, 346, 14, '', NULL, NULL, NULL),
(902, 29, 347, 15, '', NULL, NULL, NULL),
(903, 29, 348, 16, '', NULL, NULL, NULL),
(904, 29, 349, 20, '', NULL, NULL, NULL),
(905, 29, 350, 21, '', NULL, NULL, NULL),
(906, 29, 351, 22, '', NULL, NULL, NULL),
(907, 29, 352, 23, '', NULL, NULL, NULL),
(908, 29, 353, 24, '22', NULL, NULL, NULL),
(909, 29, 354, 25, '24', NULL, NULL, NULL),
(910, 29, 355, 26, '26', NULL, NULL, NULL),
(911, 29, 356, 27, '28', NULL, NULL, NULL),
(912, 29, 357, 28, '', NULL, NULL, NULL),
(913, 29, 358, 29, '', NULL, NULL, NULL),
(914, 29, 359, 30, '[]', NULL, NULL, NULL),
(915, 29, 360, 31, 'Ya', NULL, NULL, NULL),
(916, 29, 361, 32, '50', NULL, NULL, NULL),
(917, 29, 362, 33, 'Ya', NULL, NULL, NULL),
(918, 29, 363, 34, 'Ya', NULL, NULL, NULL),
(919, 29, 364, 35, 'Ya', NULL, NULL, NULL),
(920, 29, 365, 36, NULL, NULL, NULL, NULL),
(921, 29, 366, 37, NULL, NULL, NULL, NULL),
(922, 29, 367, 38, NULL, NULL, NULL, NULL),
(923, 29, 368, 39, NULL, NULL, NULL, NULL),
(924, 29, 369, 40, NULL, NULL, NULL, NULL),
(925, 29, 370, 41, NULL, NULL, NULL, NULL),
(926, 30, 334, 1, NULL, NULL, NULL, NULL),
(927, 30, 335, 2, '55', NULL, NULL, NULL),
(928, 30, 336, 3, NULL, NULL, NULL, NULL),
(929, 30, 337, 5, '1', NULL, NULL, NULL),
(930, 30, 338, 6, '', NULL, NULL, NULL),
(931, 30, 339, 7, '9', NULL, NULL, NULL),
(932, 30, 340, 8, '14', NULL, NULL, NULL),
(933, 30, 341, 9, '', NULL, NULL, NULL),
(934, 30, 342, 10, '18', NULL, NULL, NULL),
(935, 30, 343, 11, 'Purn', NULL, NULL, NULL),
(936, 30, 344, 12, '20', NULL, NULL, NULL),
(937, 30, 345, 13, '', NULL, NULL, NULL),
(938, 30, 346, 14, '', NULL, NULL, NULL),
(939, 30, 347, 15, '', NULL, NULL, NULL),
(940, 30, 348, 16, '', NULL, NULL, NULL),
(941, 30, 349, 20, '', NULL, NULL, NULL),
(942, 30, 350, 21, '', NULL, NULL, NULL),
(943, 30, 351, 22, '', NULL, NULL, NULL),
(944, 30, 352, 23, '', NULL, NULL, NULL),
(945, 30, 353, 24, '22', NULL, NULL, NULL),
(946, 30, 354, 25, '24', NULL, NULL, NULL),
(947, 30, 355, 26, '26', NULL, NULL, NULL),
(948, 30, 356, 27, '28', NULL, NULL, NULL),
(949, 30, 357, 28, '', NULL, NULL, NULL),
(950, 30, 358, 29, '', NULL, NULL, NULL),
(951, 30, 359, 30, '[]', NULL, NULL, NULL),
(952, 30, 360, 31, 'Ya', NULL, NULL, NULL),
(953, 30, 361, 32, '50', NULL, NULL, NULL),
(954, 30, 362, 33, 'Ya', NULL, NULL, NULL),
(955, 30, 363, 34, 'Ya', NULL, NULL, NULL),
(956, 30, 364, 35, 'Ya', NULL, NULL, NULL),
(957, 30, 365, 36, NULL, NULL, NULL, NULL),
(958, 30, 366, 37, NULL, NULL, NULL, NULL),
(959, 30, 367, 38, NULL, NULL, NULL, NULL),
(960, 30, 368, 39, NULL, NULL, NULL, NULL),
(961, 30, 369, 40, NULL, NULL, NULL, NULL),
(962, 30, 370, 41, NULL, NULL, NULL, NULL),
(963, 31, 334, 1, NULL, NULL, NULL, NULL),
(964, 31, 335, 2, '55', NULL, NULL, NULL),
(965, 31, 336, 3, NULL, NULL, NULL, NULL),
(966, 31, 337, 5, '1', NULL, NULL, NULL),
(967, 31, 338, 6, '', NULL, NULL, NULL),
(968, 31, 339, 7, '9', NULL, NULL, NULL),
(969, 31, 340, 8, '14', NULL, NULL, NULL),
(970, 31, 341, 9, '', NULL, NULL, NULL),
(971, 31, 342, 10, '18', NULL, NULL, NULL),
(972, 31, 343, 11, 'Purn', NULL, NULL, NULL),
(973, 31, 344, 12, '20', NULL, NULL, NULL),
(974, 31, 345, 13, '', NULL, NULL, NULL),
(975, 31, 346, 14, '', NULL, NULL, NULL),
(976, 31, 347, 15, '', NULL, NULL, NULL),
(977, 31, 348, 16, '', NULL, NULL, NULL),
(978, 31, 349, 20, '', NULL, NULL, NULL),
(979, 31, 350, 21, '', NULL, NULL, NULL),
(980, 31, 351, 22, '', NULL, NULL, NULL),
(981, 31, 352, 23, '', NULL, NULL, NULL),
(982, 31, 353, 24, '22', NULL, NULL, NULL),
(983, 31, 354, 25, '24', NULL, NULL, NULL),
(984, 31, 355, 26, '26', NULL, NULL, NULL),
(985, 31, 356, 27, '28', NULL, NULL, NULL),
(986, 31, 357, 28, '', NULL, NULL, NULL),
(987, 31, 358, 29, '', NULL, NULL, NULL),
(988, 31, 359, 30, '[]', NULL, NULL, NULL),
(989, 31, 360, 31, 'Ya', NULL, NULL, NULL),
(990, 31, 361, 32, '50', NULL, NULL, NULL),
(991, 31, 362, 33, 'Ya', NULL, NULL, NULL),
(992, 31, 363, 34, 'Ya', NULL, NULL, NULL),
(993, 31, 364, 35, 'Ya', NULL, NULL, NULL),
(994, 31, 365, 36, NULL, NULL, NULL, NULL),
(995, 31, 366, 37, NULL, NULL, NULL, NULL),
(996, 31, 367, 38, NULL, NULL, NULL, NULL),
(997, 31, 368, 39, NULL, NULL, NULL, NULL),
(998, 31, 369, 40, NULL, NULL, NULL, NULL),
(999, 31, 370, 41, NULL, NULL, NULL, NULL),
(1000, 32, NULL, NULL, NULL, NULL, NULL, NULL),
(1001, 32, NULL, NULL, NULL, NULL, NULL, NULL),
(1002, 32, NULL, NULL, NULL, NULL, NULL, NULL),
(1003, 32, NULL, NULL, '1', NULL, NULL, NULL),
(1004, 32, NULL, NULL, '', NULL, NULL, NULL),
(1005, 32, NULL, NULL, '9', NULL, NULL, NULL),
(1006, 32, NULL, NULL, '14', NULL, NULL, NULL),
(1007, 32, NULL, NULL, '', NULL, NULL, NULL),
(1008, 32, NULL, NULL, '18', NULL, NULL, NULL),
(1009, 32, NULL, NULL, '', NULL, NULL, NULL),
(1010, 32, NULL, NULL, '20', NULL, NULL, NULL),
(1011, 32, NULL, NULL, '', NULL, NULL, NULL),
(1012, 32, NULL, NULL, '', NULL, NULL, NULL),
(1013, 32, NULL, NULL, '', NULL, NULL, NULL),
(1014, 32, NULL, NULL, '', NULL, NULL, NULL),
(1015, 32, NULL, NULL, '', NULL, NULL, NULL),
(1016, 32, NULL, NULL, '', NULL, NULL, NULL),
(1017, 32, NULL, NULL, '', NULL, NULL, NULL),
(1018, 32, NULL, NULL, '', NULL, NULL, NULL),
(1019, 32, NULL, NULL, '22', NULL, NULL, NULL),
(1020, 32, NULL, NULL, '24', NULL, NULL, NULL),
(1021, 32, NULL, NULL, '26', NULL, NULL, NULL),
(1022, 32, NULL, NULL, '28', NULL, NULL, NULL),
(1023, 32, NULL, NULL, '', NULL, NULL, NULL),
(1024, 32, NULL, NULL, '', NULL, NULL, NULL),
(1025, 32, NULL, NULL, '[]', NULL, NULL, NULL),
(1026, 32, NULL, NULL, 'Ya', NULL, NULL, NULL),
(1027, 32, NULL, NULL, '50', NULL, NULL, NULL),
(1028, 32, NULL, NULL, 'Ya', NULL, NULL, NULL),
(1029, 32, NULL, NULL, 'Ya', NULL, NULL, NULL),
(1030, 32, NULL, NULL, 'Ya', NULL, NULL, NULL),
(1031, 32, NULL, NULL, NULL, NULL, NULL, NULL),
(1032, 32, NULL, NULL, NULL, NULL, NULL, NULL),
(1033, 32, NULL, NULL, NULL, NULL, NULL, NULL),
(1034, 32, NULL, NULL, NULL, NULL, NULL, NULL),
(1035, 32, NULL, NULL, NULL, NULL, NULL, NULL),
(1036, 32, NULL, NULL, NULL, NULL, NULL, NULL),
(1037, 33, 260, 1, NULL, NULL, NULL, NULL),
(1038, 33, 261, 2, '55', NULL, NULL, NULL),
(1039, 33, 262, 3, NULL, NULL, NULL, NULL),
(1040, 33, 263, 5, '1', NULL, NULL, NULL),
(1041, 33, 264, 6, '', NULL, NULL, NULL),
(1042, 33, 265, 7, '9', NULL, NULL, NULL),
(1043, 33, 266, 8, '14', NULL, NULL, NULL),
(1044, 33, 267, 9, '', NULL, NULL, NULL),
(1045, 33, 268, 10, '18', NULL, NULL, NULL),
(1046, 33, 269, 11, 'Purn', NULL, NULL, NULL),
(1047, 33, 270, 12, '20', NULL, NULL, NULL),
(1048, 33, 271, 13, '', NULL, NULL, NULL),
(1049, 33, 272, 14, '', NULL, NULL, NULL),
(1050, 33, 273, 15, '', NULL, NULL, NULL),
(1051, 33, 274, 16, '', NULL, NULL, NULL),
(1052, 33, 275, 20, '', NULL, NULL, NULL),
(1053, 33, 276, 21, '', NULL, NULL, NULL),
(1054, 33, 277, 22, '', NULL, NULL, NULL),
(1055, 33, 278, 23, '', NULL, NULL, NULL),
(1056, 33, 279, 24, '22', NULL, NULL, NULL),
(1057, 33, 280, 25, '24', NULL, NULL, NULL),
(1058, 33, 281, 26, '26', NULL, NULL, NULL),
(1059, 33, 282, 27, '28', NULL, NULL, NULL),
(1060, 33, 283, 28, '', NULL, NULL, NULL),
(1061, 33, 284, 29, '', NULL, NULL, NULL),
(1062, 33, 285, 30, '[]', NULL, NULL, NULL),
(1063, 33, 286, 31, 'Ya', NULL, NULL, NULL),
(1064, 33, 287, 32, '50', NULL, NULL, NULL),
(1065, 33, 288, 33, 'Ya', NULL, NULL, NULL),
(1066, 33, 289, 34, 'Ya', NULL, NULL, NULL),
(1067, 33, 290, 35, 'Ya', NULL, NULL, NULL),
(1068, 33, 291, 36, NULL, NULL, NULL, NULL),
(1069, 33, 292, 37, NULL, NULL, NULL, NULL),
(1070, 33, 293, 38, NULL, NULL, NULL, NULL),
(1071, 33, 294, 39, NULL, NULL, NULL, NULL),
(1072, 33, 295, 40, NULL, NULL, NULL, NULL),
(1073, 33, 296, 41, NULL, NULL, NULL, NULL),
(1074, 34, 297, 1, NULL, NULL, NULL, NULL),
(1075, 34, 298, 2, '55', NULL, NULL, NULL),
(1076, 34, 299, 3, NULL, NULL, NULL, NULL),
(1077, 34, 300, 5, '1', NULL, NULL, NULL),
(1078, 34, 301, 6, '', NULL, NULL, NULL),
(1079, 34, 302, 7, '9', NULL, NULL, NULL),
(1080, 34, 303, 8, '14', NULL, NULL, NULL),
(1081, 34, 304, 9, '', NULL, NULL, NULL),
(1082, 34, 305, 10, '18', NULL, NULL, NULL),
(1083, 34, 306, 11, 'Purn', NULL, NULL, NULL),
(1084, 34, 307, 12, '20', NULL, NULL, NULL),
(1085, 34, 308, 13, '', NULL, NULL, NULL),
(1086, 34, 309, 14, '', NULL, NULL, NULL),
(1087, 34, 310, 15, '', NULL, NULL, NULL),
(1088, 34, 311, 16, '', NULL, NULL, NULL),
(1089, 34, 312, 20, '', NULL, NULL, NULL),
(1090, 34, 313, 21, '', NULL, NULL, NULL),
(1091, 34, 314, 22, '', NULL, NULL, NULL),
(1092, 34, 315, 23, '', NULL, NULL, NULL),
(1093, 34, 316, 24, '22', NULL, NULL, NULL),
(1094, 34, 317, 25, '24', NULL, NULL, NULL),
(1095, 34, 318, 26, '26', NULL, NULL, NULL),
(1096, 34, 319, 27, '28', NULL, NULL, NULL),
(1097, 34, 320, 28, '', NULL, NULL, NULL),
(1098, 34, 321, 29, '', NULL, NULL, NULL),
(1099, 34, 322, 30, '[]', NULL, NULL, NULL),
(1100, 34, 323, 31, 'Ya', NULL, NULL, NULL),
(1101, 34, 324, 32, '50', NULL, NULL, NULL),
(1102, 34, 325, 33, 'Ya', NULL, NULL, NULL),
(1103, 34, 326, 34, 'Ya', NULL, NULL, NULL),
(1104, 34, 327, 35, 'Ya', NULL, NULL, NULL),
(1105, 34, 328, 36, NULL, NULL, NULL, NULL),
(1106, 34, 329, 37, NULL, NULL, NULL, NULL),
(1107, 34, 330, 38, NULL, NULL, NULL, NULL),
(1108, 34, 331, 39, NULL, NULL, NULL, NULL),
(1109, 34, 332, 40, NULL, NULL, NULL, NULL),
(1110, 34, 333, 41, NULL, NULL, NULL, NULL),
(1111, 35, 445, 1, NULL, NULL, NULL, NULL),
(1112, 35, 446, 2, '55', NULL, NULL, NULL),
(1113, 35, 447, 3, NULL, NULL, NULL, NULL),
(1114, 35, 448, 5, '1', NULL, NULL, NULL),
(1115, 35, 449, 6, '', NULL, NULL, NULL),
(1116, 35, 450, 7, '9', NULL, NULL, NULL),
(1117, 35, 451, 8, '14', NULL, NULL, NULL),
(1118, 35, 452, 9, '', NULL, NULL, NULL),
(1119, 35, 453, 10, '18', NULL, NULL, NULL),
(1120, 35, 454, 11, 'Meninggal', NULL, NULL, NULL),
(1121, 35, 455, 12, '20', NULL, NULL, NULL),
(1122, 35, 456, 13, '', NULL, NULL, NULL),
(1123, 35, 457, 14, '', NULL, NULL, NULL),
(1124, 35, 458, 15, '', NULL, NULL, NULL),
(1125, 35, 459, 16, '', NULL, NULL, NULL),
(1126, 35, 460, 20, '', NULL, NULL, NULL),
(1127, 35, 461, 21, '', NULL, NULL, NULL),
(1128, 35, 462, 22, '', NULL, NULL, NULL),
(1129, 35, 463, 23, '', NULL, NULL, NULL),
(1130, 35, 464, 24, '22', NULL, NULL, NULL),
(1131, 35, 465, 25, '24', NULL, NULL, NULL),
(1132, 35, 466, 26, '26', NULL, NULL, NULL),
(1133, 35, 467, 27, '28', NULL, NULL, NULL),
(1134, 35, 468, 28, '', NULL, NULL, NULL),
(1135, 35, 469, 29, '', NULL, NULL, NULL),
(1136, 35, 470, 30, '[]', NULL, NULL, NULL),
(1137, 35, 471, 31, 'Ya', NULL, NULL, NULL),
(1138, 35, 472, 32, '50', NULL, NULL, NULL),
(1139, 35, 473, 33, 'Ya', NULL, NULL, NULL),
(1140, 35, 474, 34, 'Ya', NULL, NULL, NULL),
(1141, 35, 475, 35, 'Ya', NULL, NULL, NULL),
(1142, 35, 476, 36, NULL, NULL, NULL, NULL),
(1143, 35, 477, 37, NULL, NULL, NULL, NULL),
(1144, 35, 478, 38, NULL, NULL, NULL, NULL),
(1145, 35, 479, 39, NULL, NULL, NULL, NULL),
(1146, 35, 480, 40, NULL, NULL, NULL, NULL),
(1147, 35, 481, 41, NULL, NULL, NULL, NULL),
(1148, 36, 297, 1, NULL, NULL, NULL, NULL),
(1149, 36, 298, 2, '55', NULL, NULL, NULL),
(1150, 36, 299, 3, NULL, NULL, NULL, NULL),
(1151, 36, 300, 5, '1', NULL, NULL, NULL),
(1152, 36, 301, 6, '', NULL, NULL, NULL),
(1153, 36, 302, 7, '9', NULL, NULL, NULL),
(1154, 36, 303, 8, '14', NULL, NULL, NULL),
(1155, 36, 304, 9, '', NULL, NULL, NULL),
(1156, 36, 305, 10, '18', NULL, NULL, NULL),
(1157, 36, 306, 11, 'Meninggal', NULL, NULL, NULL),
(1158, 36, 307, 12, '20', NULL, NULL, NULL),
(1159, 36, 308, 13, '', NULL, NULL, NULL),
(1160, 36, 309, 14, '', NULL, NULL, NULL),
(1161, 36, 310, 15, '', NULL, NULL, NULL),
(1162, 36, 311, 16, '', NULL, NULL, NULL),
(1163, 36, 312, 20, '', NULL, NULL, NULL),
(1164, 36, 313, 21, '', NULL, NULL, NULL),
(1165, 36, 314, 22, '', NULL, NULL, NULL),
(1166, 36, 315, 23, '', NULL, NULL, NULL),
(1167, 36, 316, 24, '22', NULL, NULL, NULL),
(1168, 36, 317, 25, '24', NULL, NULL, NULL),
(1169, 36, 318, 26, '26', NULL, NULL, NULL),
(1170, 36, 319, 27, '28', NULL, NULL, NULL),
(1171, 36, 320, 28, '', NULL, NULL, NULL),
(1172, 36, 321, 29, '', NULL, NULL, NULL),
(1173, 36, 322, 30, '[]', NULL, NULL, NULL),
(1174, 36, 323, 31, 'Ya', NULL, NULL, NULL),
(1175, 36, 324, 32, '50', NULL, NULL, NULL),
(1176, 36, 325, 33, 'Ya', NULL, NULL, NULL),
(1177, 36, 326, 34, 'Ya', NULL, NULL, NULL),
(1178, 36, 327, 35, 'Ya', NULL, NULL, NULL),
(1179, 36, 328, 36, NULL, NULL, NULL, NULL),
(1180, 36, 329, 37, NULL, NULL, NULL, NULL),
(1181, 36, 330, 38, NULL, NULL, NULL, NULL),
(1182, 36, 331, 39, NULL, NULL, NULL, NULL),
(1183, 36, 332, 40, NULL, NULL, NULL, NULL),
(1184, 36, 333, 41, NULL, NULL, NULL, NULL),
(1185, 37, 408, 1, NULL, NULL, NULL, NULL),
(1186, 37, 409, 2, '55', NULL, NULL, NULL),
(1187, 37, 410, 3, NULL, NULL, NULL, NULL),
(1188, 37, 411, 5, '1', NULL, NULL, NULL),
(1189, 37, 412, 6, '', NULL, NULL, NULL),
(1190, 37, 413, 7, '9', NULL, NULL, NULL),
(1191, 37, 414, 8, '14', NULL, NULL, NULL),
(1192, 37, 415, 9, '', NULL, NULL, NULL),
(1193, 37, 416, 10, '18', NULL, NULL, NULL),
(1194, 37, 417, 11, 'Meninggal', NULL, NULL, NULL),
(1195, 37, 418, 12, '20', NULL, NULL, NULL),
(1196, 37, 419, 13, '', NULL, NULL, NULL),
(1197, 37, 420, 14, '', NULL, NULL, NULL),
(1198, 37, 421, 15, '', NULL, NULL, NULL),
(1199, 37, 422, 16, '', NULL, NULL, NULL),
(1200, 37, 423, 20, '', NULL, NULL, NULL),
(1201, 37, 424, 21, '', NULL, NULL, NULL),
(1202, 37, 425, 22, '', NULL, NULL, NULL),
(1203, 37, 426, 23, '', NULL, NULL, NULL),
(1204, 37, 427, 24, '22', NULL, NULL, NULL),
(1205, 37, 428, 25, '24', NULL, NULL, NULL),
(1206, 37, 429, 26, '26', NULL, NULL, NULL),
(1207, 37, 430, 27, '28', NULL, NULL, NULL),
(1208, 37, 431, 28, '', NULL, NULL, NULL),
(1209, 37, 432, 29, '', NULL, NULL, NULL),
(1210, 37, 433, 30, '[]', NULL, NULL, NULL),
(1211, 37, 434, 31, 'Ya', NULL, NULL, NULL),
(1212, 37, 435, 32, '50', NULL, NULL, NULL),
(1213, 37, 436, 33, 'Ya', NULL, NULL, NULL),
(1214, 37, 437, 34, 'Ya', NULL, NULL, NULL),
(1215, 37, 438, 35, 'Ya', NULL, NULL, NULL),
(1216, 37, 439, 36, NULL, NULL, NULL, NULL),
(1217, 37, 440, 37, NULL, NULL, NULL, NULL),
(1218, 37, 441, 38, NULL, NULL, NULL, NULL),
(1219, 37, 442, 39, NULL, NULL, NULL, NULL),
(1220, 37, 443, 40, NULL, NULL, NULL, NULL),
(1221, 37, 444, 41, NULL, NULL, NULL, NULL),
(1222, 38, NULL, NULL, NULL, NULL, NULL, NULL),
(1223, 38, NULL, NULL, NULL, NULL, NULL, NULL),
(1224, 38, NULL, NULL, NULL, NULL, NULL, NULL),
(1225, 38, NULL, NULL, NULL, NULL, NULL, NULL),
(1226, 38, NULL, NULL, NULL, NULL, NULL, NULL),
(1227, 38, NULL, NULL, NULL, NULL, NULL, NULL),
(1228, 38, NULL, NULL, NULL, NULL, NULL, NULL),
(1229, 38, NULL, NULL, NULL, NULL, NULL, NULL),
(1230, 38, NULL, NULL, NULL, NULL, NULL, NULL),
(1231, 38, NULL, NULL, NULL, NULL, NULL, NULL),
(1232, 38, NULL, NULL, NULL, NULL, NULL, NULL),
(1233, 38, NULL, NULL, NULL, NULL, NULL, NULL),
(1234, 38, NULL, NULL, NULL, NULL, NULL, NULL),
(1235, 38, NULL, NULL, NULL, NULL, NULL, NULL),
(1236, 38, NULL, NULL, NULL, NULL, NULL, NULL),
(1237, 38, NULL, NULL, NULL, NULL, NULL, NULL),
(1238, 38, NULL, NULL, NULL, NULL, NULL, NULL),
(1239, 38, NULL, NULL, NULL, NULL, NULL, NULL),
(1240, 38, NULL, NULL, NULL, NULL, NULL, NULL),
(1241, 38, NULL, NULL, NULL, NULL, NULL, NULL),
(1242, 38, NULL, NULL, NULL, NULL, NULL, NULL),
(1243, 38, NULL, NULL, NULL, NULL, NULL, NULL),
(1244, 38, NULL, NULL, NULL, NULL, NULL, NULL),
(1245, 38, NULL, NULL, NULL, NULL, NULL, NULL),
(1246, 38, NULL, NULL, NULL, NULL, NULL, NULL),
(1247, 38, NULL, NULL, '[]', NULL, NULL, NULL),
(1248, 38, NULL, NULL, NULL, NULL, NULL, NULL),
(1249, 38, NULL, NULL, NULL, NULL, NULL, NULL),
(1250, 38, NULL, NULL, NULL, NULL, NULL, NULL),
(1251, 38, NULL, NULL, NULL, NULL, NULL, NULL),
(1252, 38, NULL, NULL, NULL, NULL, NULL, NULL),
(1253, 38, NULL, NULL, NULL, NULL, NULL, NULL),
(1254, 38, NULL, NULL, NULL, NULL, NULL, NULL),
(1255, 38, NULL, NULL, NULL, NULL, NULL, NULL),
(1256, 38, NULL, NULL, NULL, NULL, NULL, NULL),
(1257, 38, NULL, NULL, NULL, NULL, NULL, NULL),
(1258, 38, NULL, NULL, NULL, NULL, NULL, NULL),
(1259, 39, 408, 1, NULL, NULL, NULL, NULL),
(1260, 39, 409, 2, '55', NULL, NULL, NULL),
(1261, 39, 410, 3, NULL, NULL, NULL, NULL),
(1262, 39, 411, 5, '1', NULL, NULL, NULL),
(1263, 39, 412, 6, '', NULL, NULL, NULL),
(1264, 39, 413, 7, '9', NULL, NULL, NULL),
(1265, 39, 414, 8, '14', NULL, NULL, NULL),
(1266, 39, 415, 9, '', NULL, NULL, NULL),
(1267, 39, 416, 10, '18', NULL, NULL, NULL),
(1268, 39, 417, 11, 'Meninggal', NULL, NULL, NULL),
(1269, 39, 418, 12, '20', NULL, NULL, NULL),
(1270, 39, 419, 13, '', NULL, NULL, NULL),
(1271, 39, 420, 14, '', NULL, NULL, NULL),
(1272, 39, 421, 15, '', NULL, NULL, NULL),
(1273, 39, 422, 16, '', NULL, NULL, NULL),
(1274, 39, 423, 20, '', NULL, NULL, NULL),
(1275, 39, 424, 21, '', NULL, NULL, NULL),
(1276, 39, 425, 22, '', NULL, NULL, NULL),
(1277, 39, 426, 23, '', NULL, NULL, NULL),
(1278, 39, 427, 24, '22', NULL, NULL, NULL),
(1279, 39, 428, 25, '24', NULL, NULL, NULL),
(1280, 39, 429, 26, '26', NULL, NULL, NULL),
(1281, 39, 430, 27, '28', NULL, NULL, NULL),
(1282, 39, 431, 28, '', NULL, NULL, NULL),
(1283, 39, 432, 29, '', NULL, NULL, NULL),
(1284, 39, 433, 30, '[]', NULL, NULL, NULL),
(1285, 39, 434, 31, 'Ya', NULL, NULL, NULL),
(1286, 39, 435, 32, '50', NULL, NULL, NULL),
(1287, 39, 436, 33, 'Ya', NULL, NULL, NULL),
(1288, 39, 437, 34, 'Ya', NULL, NULL, NULL),
(1289, 39, 438, 35, 'Ya', NULL, NULL, NULL),
(1290, 39, 439, 36, NULL, NULL, NULL, NULL),
(1291, 39, 440, 37, NULL, NULL, NULL, NULL),
(1292, 39, 441, 38, NULL, NULL, NULL, NULL),
(1293, 39, 442, 39, NULL, NULL, NULL, NULL),
(1294, 39, 443, 40, NULL, NULL, NULL, NULL),
(1295, 39, 444, 41, NULL, NULL, NULL, NULL),
(1296, 40, NULL, NULL, NULL, NULL, NULL, NULL),
(1297, 40, NULL, NULL, NULL, NULL, NULL, NULL),
(1298, 40, NULL, NULL, NULL, NULL, NULL, NULL),
(1299, 40, NULL, NULL, NULL, NULL, NULL, NULL),
(1300, 40, NULL, NULL, NULL, NULL, NULL, NULL),
(1301, 40, NULL, NULL, NULL, NULL, NULL, NULL),
(1302, 40, NULL, NULL, NULL, NULL, NULL, NULL),
(1303, 40, NULL, NULL, NULL, NULL, NULL, NULL),
(1304, 40, NULL, NULL, NULL, NULL, NULL, NULL),
(1305, 40, NULL, NULL, NULL, NULL, NULL, NULL),
(1306, 40, NULL, NULL, NULL, NULL, NULL, NULL),
(1307, 40, NULL, NULL, NULL, NULL, NULL, NULL),
(1308, 40, NULL, NULL, NULL, NULL, NULL, NULL),
(1309, 40, NULL, NULL, NULL, NULL, NULL, NULL),
(1310, 40, NULL, NULL, NULL, NULL, NULL, NULL),
(1311, 40, NULL, NULL, NULL, NULL, NULL, NULL),
(1312, 40, NULL, NULL, NULL, NULL, NULL, NULL),
(1313, 40, NULL, NULL, NULL, NULL, NULL, NULL),
(1314, 40, NULL, NULL, NULL, NULL, NULL, NULL),
(1315, 40, NULL, NULL, NULL, NULL, NULL, NULL),
(1316, 40, NULL, NULL, NULL, NULL, NULL, NULL),
(1317, 40, NULL, NULL, NULL, NULL, NULL, NULL),
(1318, 40, NULL, NULL, NULL, NULL, NULL, NULL),
(1319, 40, NULL, NULL, NULL, NULL, NULL, NULL),
(1320, 40, NULL, NULL, NULL, NULL, NULL, NULL),
(1321, 40, NULL, NULL, '[]', NULL, NULL, NULL),
(1322, 40, NULL, NULL, NULL, NULL, NULL, NULL),
(1323, 40, NULL, NULL, NULL, NULL, NULL, NULL),
(1324, 40, NULL, NULL, NULL, NULL, NULL, NULL),
(1325, 40, NULL, NULL, NULL, NULL, NULL, NULL),
(1326, 40, NULL, NULL, NULL, NULL, NULL, NULL),
(1327, 40, NULL, NULL, NULL, NULL, NULL, NULL),
(1328, 40, NULL, NULL, NULL, NULL, NULL, NULL),
(1329, 40, NULL, NULL, NULL, NULL, NULL, NULL),
(1330, 40, NULL, NULL, NULL, NULL, NULL, NULL),
(1331, 40, NULL, NULL, NULL, NULL, NULL, NULL),
(1332, 40, NULL, NULL, NULL, NULL, NULL, NULL),
(1333, 41, 260, 1, NULL, NULL, NULL, NULL),
(1334, 41, 261, 2, '55', NULL, NULL, NULL),
(1335, 41, 262, 3, NULL, NULL, NULL, NULL),
(1336, 41, 263, 5, '1', NULL, NULL, NULL),
(1337, 41, 264, 6, '', NULL, NULL, NULL),
(1338, 41, 265, 7, '9', NULL, NULL, NULL),
(1339, 41, 266, 8, '14', NULL, NULL, NULL),
(1340, 41, 267, 9, '', NULL, NULL, NULL),
(1341, 41, 268, 10, '18', NULL, NULL, NULL),
(1342, 41, 269, 11, 'Meninggal', NULL, NULL, NULL),
(1343, 41, 270, 12, '20', NULL, NULL, NULL),
(1344, 41, 271, 13, '', NULL, NULL, NULL),
(1345, 41, 272, 14, '', NULL, NULL, NULL),
(1346, 41, 273, 15, '', NULL, NULL, NULL),
(1347, 41, 274, 16, '', NULL, NULL, NULL),
(1348, 41, 275, 20, '', NULL, NULL, NULL),
(1349, 41, 276, 21, '', NULL, NULL, NULL),
(1350, 41, 277, 22, '', NULL, NULL, NULL),
(1351, 41, 278, 23, '', NULL, NULL, NULL),
(1352, 41, 279, 24, '22', NULL, NULL, NULL),
(1353, 41, 280, 25, '24', NULL, NULL, NULL),
(1354, 41, 281, 26, '26', NULL, NULL, NULL),
(1355, 41, 282, 27, '28', NULL, NULL, NULL),
(1356, 41, 283, 28, '', NULL, NULL, NULL),
(1357, 41, 284, 29, '', NULL, NULL, NULL);
INSERT INTO `si_pelatihan_pendaftaran_quesioner` (`id`, `id_pelatihan_pendaftaran`, `id_pelatihan_quesioner`, `id_quesioner`, `jawaban`, `created_at`, `updated_at`, `deleted_at`) VALUES
(1358, 41, 285, 30, '[]', NULL, NULL, NULL),
(1359, 41, 286, 31, 'Ya', NULL, NULL, NULL),
(1360, 41, 287, 32, '50', NULL, NULL, NULL),
(1361, 41, 288, 33, 'Ya', NULL, NULL, NULL),
(1362, 41, 289, 34, 'Ya', NULL, NULL, NULL),
(1363, 41, 290, 35, 'Ya', NULL, NULL, NULL),
(1364, 41, 291, 36, NULL, NULL, NULL, NULL),
(1365, 41, 292, 37, NULL, NULL, NULL, NULL),
(1366, 41, 293, 38, NULL, NULL, NULL, NULL),
(1367, 41, 294, 39, NULL, NULL, NULL, NULL),
(1368, 41, 295, 40, NULL, NULL, NULL, NULL),
(1369, 41, 296, 41, NULL, NULL, NULL, NULL),
(1370, 42, 260, 1, NULL, NULL, NULL, NULL),
(1371, 42, 261, 2, '55', NULL, NULL, NULL),
(1372, 42, 262, 3, NULL, NULL, NULL, NULL),
(1373, 42, 263, 5, '1', NULL, NULL, NULL),
(1374, 42, 264, 6, '', NULL, NULL, NULL),
(1375, 42, 265, 7, '9', NULL, NULL, NULL),
(1376, 42, 266, 8, '14', NULL, NULL, NULL),
(1377, 42, 267, 9, '', NULL, NULL, NULL),
(1378, 42, 268, 10, '18', NULL, NULL, NULL),
(1379, 42, 269, 11, 'Meninggal', NULL, NULL, NULL),
(1380, 42, 270, 12, '20', NULL, NULL, NULL),
(1381, 42, 271, 13, '', NULL, NULL, NULL),
(1382, 42, 272, 14, '', NULL, NULL, NULL),
(1383, 42, 273, 15, '', NULL, NULL, NULL),
(1384, 42, 274, 16, '', NULL, NULL, NULL),
(1385, 42, 275, 20, '', NULL, NULL, NULL),
(1386, 42, 276, 21, '', NULL, NULL, NULL),
(1387, 42, 277, 22, '', NULL, NULL, NULL),
(1388, 42, 278, 23, '', NULL, NULL, NULL),
(1389, 42, 279, 24, '22', NULL, NULL, NULL),
(1390, 42, 280, 25, '24', NULL, NULL, NULL),
(1391, 42, 281, 26, '26', NULL, NULL, NULL),
(1392, 42, 282, 27, '28', NULL, NULL, NULL),
(1393, 42, 283, 28, '', NULL, NULL, NULL),
(1394, 42, 284, 29, '', NULL, NULL, NULL),
(1395, 42, 285, 30, '[]', NULL, NULL, NULL),
(1396, 42, 286, 31, 'Ya', NULL, NULL, NULL),
(1397, 42, 287, 32, '50', NULL, NULL, NULL),
(1398, 42, 288, 33, 'Ya', NULL, NULL, NULL),
(1399, 42, 289, 34, 'Ya', NULL, NULL, NULL),
(1400, 42, 290, 35, 'Ya', NULL, NULL, NULL),
(1401, 42, 291, 36, NULL, NULL, NULL, NULL),
(1402, 42, 292, 37, NULL, NULL, NULL, NULL),
(1403, 42, 293, 38, NULL, NULL, NULL, NULL),
(1404, 42, 294, 39, NULL, NULL, NULL, NULL),
(1405, 42, 295, 40, NULL, NULL, NULL, NULL),
(1406, 42, 296, 41, NULL, NULL, NULL, NULL),
(1407, 43, NULL, NULL, NULL, NULL, NULL, NULL),
(1408, 43, NULL, NULL, NULL, NULL, NULL, NULL),
(1409, 43, NULL, NULL, NULL, NULL, NULL, NULL),
(1410, 43, NULL, NULL, NULL, NULL, NULL, NULL),
(1411, 43, NULL, NULL, NULL, NULL, NULL, NULL),
(1412, 43, NULL, NULL, NULL, NULL, NULL, NULL),
(1413, 43, NULL, NULL, NULL, NULL, NULL, NULL),
(1414, 43, NULL, NULL, NULL, NULL, NULL, NULL),
(1415, 43, NULL, NULL, NULL, NULL, NULL, NULL),
(1416, 43, NULL, NULL, NULL, NULL, NULL, NULL),
(1417, 43, NULL, NULL, NULL, NULL, NULL, NULL),
(1418, 43, NULL, NULL, NULL, NULL, NULL, NULL),
(1419, 43, NULL, NULL, NULL, NULL, NULL, NULL),
(1420, 43, NULL, NULL, NULL, NULL, NULL, NULL),
(1421, 43, NULL, NULL, NULL, NULL, NULL, NULL),
(1422, 43, NULL, NULL, NULL, NULL, NULL, NULL),
(1423, 43, NULL, NULL, NULL, NULL, NULL, NULL),
(1424, 43, NULL, NULL, NULL, NULL, NULL, NULL),
(1425, 43, NULL, NULL, NULL, NULL, NULL, NULL),
(1426, 43, NULL, NULL, NULL, NULL, NULL, NULL),
(1427, 43, NULL, NULL, NULL, NULL, NULL, NULL),
(1428, 43, NULL, NULL, NULL, NULL, NULL, NULL),
(1429, 43, NULL, NULL, NULL, NULL, NULL, NULL),
(1430, 43, NULL, NULL, NULL, NULL, NULL, NULL),
(1431, 43, NULL, NULL, NULL, NULL, NULL, NULL),
(1432, 43, NULL, NULL, '[]', NULL, NULL, NULL),
(1433, 43, NULL, NULL, NULL, NULL, NULL, NULL),
(1434, 43, NULL, NULL, NULL, NULL, NULL, NULL),
(1435, 43, NULL, NULL, NULL, NULL, NULL, NULL),
(1436, 43, NULL, NULL, NULL, NULL, NULL, NULL),
(1437, 43, NULL, NULL, NULL, NULL, NULL, NULL),
(1438, 43, NULL, NULL, NULL, NULL, NULL, NULL),
(1439, 43, NULL, NULL, NULL, NULL, NULL, NULL),
(1440, 43, NULL, NULL, NULL, NULL, NULL, NULL),
(1441, 43, NULL, NULL, NULL, NULL, NULL, NULL),
(1442, 43, NULL, NULL, NULL, NULL, NULL, NULL),
(1443, 43, NULL, NULL, NULL, NULL, NULL, NULL),
(1444, 44, NULL, NULL, NULL, NULL, NULL, NULL),
(1445, 44, NULL, NULL, NULL, NULL, NULL, NULL),
(1446, 44, NULL, NULL, NULL, NULL, NULL, NULL),
(1447, 44, NULL, NULL, NULL, NULL, NULL, NULL),
(1448, 44, NULL, NULL, NULL, NULL, NULL, NULL),
(1449, 44, NULL, NULL, NULL, NULL, NULL, NULL),
(1450, 44, NULL, NULL, NULL, NULL, NULL, NULL),
(1451, 44, NULL, NULL, NULL, NULL, NULL, NULL),
(1452, 44, NULL, NULL, NULL, NULL, NULL, NULL),
(1453, 44, NULL, NULL, NULL, NULL, NULL, NULL),
(1454, 44, NULL, NULL, NULL, NULL, NULL, NULL),
(1455, 44, NULL, NULL, NULL, NULL, NULL, NULL),
(1456, 44, NULL, NULL, NULL, NULL, NULL, NULL),
(1457, 44, NULL, NULL, NULL, NULL, NULL, NULL),
(1458, 44, NULL, NULL, NULL, NULL, NULL, NULL),
(1459, 44, NULL, NULL, NULL, NULL, NULL, NULL),
(1460, 44, NULL, NULL, NULL, NULL, NULL, NULL),
(1461, 44, NULL, NULL, NULL, NULL, NULL, NULL),
(1462, 44, NULL, NULL, NULL, NULL, NULL, NULL),
(1463, 44, NULL, NULL, NULL, NULL, NULL, NULL),
(1464, 44, NULL, NULL, NULL, NULL, NULL, NULL),
(1465, 44, NULL, NULL, NULL, NULL, NULL, NULL),
(1466, 44, NULL, NULL, NULL, NULL, NULL, NULL),
(1467, 44, NULL, NULL, NULL, NULL, NULL, NULL),
(1468, 44, NULL, NULL, NULL, NULL, NULL, NULL),
(1469, 44, NULL, NULL, '[]', NULL, NULL, NULL),
(1470, 44, NULL, NULL, NULL, NULL, NULL, NULL),
(1471, 44, NULL, NULL, NULL, NULL, NULL, NULL),
(1472, 44, NULL, NULL, NULL, NULL, NULL, NULL),
(1473, 44, NULL, NULL, NULL, NULL, NULL, NULL),
(1474, 44, NULL, NULL, NULL, NULL, NULL, NULL),
(1475, 44, NULL, NULL, NULL, NULL, NULL, NULL),
(1476, 44, NULL, NULL, NULL, NULL, NULL, NULL),
(1477, 44, NULL, NULL, NULL, NULL, NULL, NULL),
(1478, 44, NULL, NULL, NULL, NULL, NULL, NULL),
(1479, 44, NULL, NULL, NULL, NULL, NULL, NULL),
(1480, 44, NULL, NULL, NULL, NULL, NULL, NULL),
(1481, 45, 334, 1, NULL, NULL, NULL, NULL),
(1482, 45, 335, 2, '55', NULL, NULL, NULL),
(1483, 45, 336, 3, NULL, NULL, NULL, NULL),
(1484, 45, 337, 5, '1', NULL, NULL, NULL),
(1485, 45, 338, 6, '', NULL, NULL, NULL),
(1486, 45, 339, 7, '9', NULL, NULL, NULL),
(1487, 45, 340, 8, '14', NULL, NULL, NULL),
(1488, 45, 341, 9, '', NULL, NULL, NULL),
(1489, 45, 342, 10, '18', NULL, NULL, NULL),
(1490, 45, 343, 11, 'Meninggal', NULL, NULL, NULL),
(1491, 45, 344, 12, '20', NULL, NULL, NULL),
(1492, 45, 345, 13, '', NULL, NULL, NULL),
(1493, 45, 346, 14, '', NULL, NULL, NULL),
(1494, 45, 347, 15, '', NULL, NULL, NULL),
(1495, 45, 348, 16, '', NULL, NULL, NULL),
(1496, 45, 349, 20, '', NULL, NULL, NULL),
(1497, 45, 350, 21, '', NULL, NULL, NULL),
(1498, 45, 351, 22, '', NULL, NULL, NULL),
(1499, 45, 352, 23, '', NULL, NULL, NULL),
(1500, 45, 353, 24, '22', NULL, NULL, NULL),
(1501, 45, 354, 25, '24', NULL, NULL, NULL),
(1502, 45, 355, 26, '26', NULL, NULL, NULL),
(1503, 45, 356, 27, '28', NULL, NULL, NULL),
(1504, 45, 357, 28, '', NULL, NULL, NULL),
(1505, 45, 358, 29, '', NULL, NULL, NULL),
(1506, 45, 359, 30, '[]', NULL, NULL, NULL),
(1507, 45, 360, 31, 'Ya', NULL, NULL, NULL),
(1508, 45, 361, 32, '50', NULL, NULL, NULL),
(1509, 45, 362, 33, 'Ya', NULL, NULL, NULL),
(1510, 45, 363, 34, 'Ya', NULL, NULL, NULL),
(1511, 45, 364, 35, 'Ya', NULL, NULL, NULL),
(1512, 45, 365, 36, NULL, NULL, NULL, NULL),
(1513, 45, 366, 37, NULL, NULL, NULL, NULL),
(1514, 45, 367, 38, NULL, NULL, NULL, NULL),
(1515, 45, 368, 39, NULL, NULL, NULL, NULL),
(1516, 45, 369, 40, NULL, NULL, NULL, NULL),
(1517, 45, 370, 41, NULL, NULL, NULL, NULL),
(1518, 46, NULL, NULL, NULL, NULL, NULL, NULL),
(1519, 46, NULL, NULL, NULL, NULL, NULL, NULL),
(1520, 46, NULL, NULL, NULL, NULL, NULL, NULL),
(1521, 46, NULL, NULL, '1', NULL, NULL, NULL),
(1522, 46, NULL, NULL, '', NULL, NULL, NULL),
(1523, 46, NULL, NULL, '9', NULL, NULL, NULL),
(1524, 46, NULL, NULL, '14', NULL, NULL, NULL),
(1525, 46, NULL, NULL, '', NULL, NULL, NULL),
(1526, 46, NULL, NULL, '18', NULL, NULL, NULL),
(1527, 46, NULL, NULL, '', NULL, NULL, NULL),
(1528, 46, NULL, NULL, '20', NULL, NULL, NULL),
(1529, 46, NULL, NULL, '', NULL, NULL, NULL),
(1530, 46, NULL, NULL, '', NULL, NULL, NULL),
(1531, 46, NULL, NULL, '', NULL, NULL, NULL),
(1532, 46, NULL, NULL, '', NULL, NULL, NULL),
(1533, 46, NULL, NULL, '', NULL, NULL, NULL),
(1534, 46, NULL, NULL, '', NULL, NULL, NULL),
(1535, 46, NULL, NULL, '', NULL, NULL, NULL),
(1536, 46, NULL, NULL, '', NULL, NULL, NULL),
(1537, 46, NULL, NULL, '22', NULL, NULL, NULL),
(1538, 46, NULL, NULL, '24', NULL, NULL, NULL),
(1539, 46, NULL, NULL, '26', NULL, NULL, NULL),
(1540, 46, NULL, NULL, '28', NULL, NULL, NULL),
(1541, 46, NULL, NULL, '', NULL, NULL, NULL),
(1542, 46, NULL, NULL, '', NULL, NULL, NULL),
(1543, 46, NULL, NULL, '[]', NULL, NULL, NULL),
(1544, 46, NULL, NULL, 'Ya', NULL, NULL, NULL),
(1545, 46, NULL, NULL, '50', NULL, NULL, NULL),
(1546, 46, NULL, NULL, 'Ya', NULL, NULL, NULL),
(1547, 46, NULL, NULL, 'Ya', NULL, NULL, NULL),
(1548, 46, NULL, NULL, 'Ya', NULL, NULL, NULL),
(1549, 46, NULL, NULL, NULL, NULL, NULL, NULL),
(1550, 46, NULL, NULL, NULL, NULL, NULL, NULL),
(1551, 46, NULL, NULL, NULL, NULL, NULL, NULL),
(1552, 46, NULL, NULL, NULL, NULL, NULL, NULL),
(1553, 46, NULL, NULL, NULL, NULL, NULL, NULL),
(1554, 46, NULL, NULL, NULL, NULL, NULL, NULL),
(1555, 47, 297, 1, NULL, NULL, NULL, NULL),
(1556, 47, 298, 2, '55', NULL, NULL, NULL),
(1557, 47, 299, 3, NULL, NULL, NULL, NULL),
(1558, 47, 300, 5, '1', NULL, NULL, NULL),
(1559, 47, 301, 6, '', NULL, NULL, NULL),
(1560, 47, 302, 7, '9', NULL, NULL, NULL),
(1561, 47, 303, 8, '14', NULL, NULL, NULL),
(1562, 47, 304, 9, '', NULL, NULL, NULL),
(1563, 47, 305, 10, '18', NULL, NULL, NULL),
(1564, 47, 306, 11, 'analis kesehatan', NULL, NULL, NULL),
(1565, 47, 307, 12, '20', NULL, NULL, NULL),
(1566, 47, 308, 13, '', NULL, NULL, NULL),
(1567, 47, 309, 14, '', NULL, NULL, NULL),
(1568, 47, 310, 15, '', NULL, NULL, NULL),
(1569, 47, 311, 16, '', NULL, NULL, NULL),
(1570, 47, 312, 20, '', NULL, NULL, NULL),
(1571, 47, 313, 21, '', NULL, NULL, NULL),
(1572, 47, 314, 22, '', NULL, NULL, NULL),
(1573, 47, 315, 23, '', NULL, NULL, NULL),
(1574, 47, 316, 24, '22', NULL, NULL, NULL),
(1575, 47, 317, 25, '24', NULL, NULL, NULL),
(1576, 47, 318, 26, '26', NULL, NULL, NULL),
(1577, 47, 319, 27, '28', NULL, NULL, NULL),
(1578, 47, 320, 28, '', NULL, NULL, NULL),
(1579, 47, 321, 29, '', NULL, NULL, NULL),
(1580, 47, 322, 30, '[]', NULL, NULL, NULL),
(1581, 47, 323, 31, 'Ya', NULL, NULL, NULL),
(1582, 47, 324, 32, '50', NULL, NULL, NULL),
(1583, 47, 325, 33, 'Ya', NULL, NULL, NULL),
(1584, 47, 326, 34, 'Ya', NULL, NULL, NULL),
(1585, 47, 327, 35, 'Ya', NULL, NULL, NULL),
(1586, 47, 328, 36, NULL, NULL, NULL, NULL),
(1587, 47, 329, 37, NULL, NULL, NULL, NULL),
(1588, 47, 330, 38, NULL, NULL, NULL, NULL),
(1589, 47, 331, 39, NULL, NULL, NULL, NULL),
(1590, 47, 332, 40, NULL, NULL, NULL, NULL),
(1591, 47, 333, 41, NULL, NULL, NULL, NULL),
(1592, 48, NULL, NULL, NULL, NULL, NULL, NULL),
(1593, 48, NULL, NULL, NULL, NULL, NULL, NULL),
(1594, 48, NULL, NULL, NULL, NULL, NULL, NULL),
(1595, 48, NULL, NULL, '1', NULL, NULL, NULL),
(1596, 48, NULL, NULL, '', NULL, NULL, NULL),
(1597, 48, NULL, NULL, '9', NULL, NULL, NULL),
(1598, 48, NULL, NULL, '14', NULL, NULL, NULL),
(1599, 48, NULL, NULL, '', NULL, NULL, NULL),
(1600, 48, NULL, NULL, '18', NULL, NULL, NULL),
(1601, 48, NULL, NULL, '', NULL, NULL, NULL),
(1602, 48, NULL, NULL, '20', NULL, NULL, NULL),
(1603, 48, NULL, NULL, '', NULL, NULL, NULL),
(1604, 48, NULL, NULL, '', NULL, NULL, NULL),
(1605, 48, NULL, NULL, '', NULL, NULL, NULL),
(1606, 48, NULL, NULL, '', NULL, NULL, NULL),
(1607, 48, NULL, NULL, '', NULL, NULL, NULL),
(1608, 48, NULL, NULL, '', NULL, NULL, NULL),
(1609, 48, NULL, NULL, '', NULL, NULL, NULL),
(1610, 48, NULL, NULL, '', NULL, NULL, NULL),
(1611, 48, NULL, NULL, '22', NULL, NULL, NULL),
(1612, 48, NULL, NULL, '24', NULL, NULL, NULL),
(1613, 48, NULL, NULL, '26', NULL, NULL, NULL),
(1614, 48, NULL, NULL, '28', NULL, NULL, NULL),
(1615, 48, NULL, NULL, '', NULL, NULL, NULL),
(1616, 48, NULL, NULL, '', NULL, NULL, NULL),
(1617, 48, NULL, NULL, '[]', NULL, NULL, NULL),
(1618, 48, NULL, NULL, 'Ya', NULL, NULL, NULL),
(1619, 48, NULL, NULL, '50', NULL, NULL, NULL),
(1620, 48, NULL, NULL, 'Ya', NULL, NULL, NULL),
(1621, 48, NULL, NULL, 'Ya', NULL, NULL, NULL),
(1622, 48, NULL, NULL, 'Ya', NULL, NULL, NULL),
(1623, 48, NULL, NULL, NULL, NULL, NULL, NULL),
(1624, 48, NULL, NULL, NULL, NULL, NULL, NULL),
(1625, 48, NULL, NULL, NULL, NULL, NULL, NULL),
(1626, 48, NULL, NULL, NULL, NULL, NULL, NULL),
(1627, 48, NULL, NULL, NULL, NULL, NULL, NULL),
(1628, 48, NULL, NULL, NULL, NULL, NULL, NULL),
(1629, 49, NULL, NULL, NULL, NULL, NULL, NULL),
(1630, 49, NULL, NULL, NULL, NULL, NULL, NULL),
(1631, 49, NULL, NULL, NULL, NULL, NULL, NULL),
(1632, 49, NULL, NULL, NULL, NULL, NULL, NULL),
(1633, 49, NULL, NULL, NULL, NULL, NULL, NULL),
(1634, 49, NULL, NULL, NULL, NULL, NULL, NULL),
(1635, 49, NULL, NULL, NULL, NULL, NULL, NULL),
(1636, 49, NULL, NULL, NULL, NULL, NULL, NULL),
(1637, 49, NULL, NULL, NULL, NULL, NULL, NULL),
(1638, 49, NULL, NULL, NULL, NULL, NULL, NULL),
(1639, 49, NULL, NULL, NULL, NULL, NULL, NULL),
(1640, 49, NULL, NULL, NULL, NULL, NULL, NULL),
(1641, 49, NULL, NULL, NULL, NULL, NULL, NULL),
(1642, 49, NULL, NULL, NULL, NULL, NULL, NULL),
(1643, 49, NULL, NULL, NULL, NULL, NULL, NULL),
(1644, 49, NULL, NULL, NULL, NULL, NULL, NULL),
(1645, 49, NULL, NULL, NULL, NULL, NULL, NULL),
(1646, 49, NULL, NULL, NULL, NULL, NULL, NULL),
(1647, 49, NULL, NULL, NULL, NULL, NULL, NULL),
(1648, 49, NULL, NULL, NULL, NULL, NULL, NULL),
(1649, 49, NULL, NULL, NULL, NULL, NULL, NULL),
(1650, 49, NULL, NULL, NULL, NULL, NULL, NULL),
(1651, 49, NULL, NULL, NULL, NULL, NULL, NULL),
(1652, 49, NULL, NULL, NULL, NULL, NULL, NULL),
(1653, 49, NULL, NULL, NULL, NULL, NULL, NULL),
(1654, 49, NULL, NULL, '[]', NULL, NULL, NULL),
(1655, 49, NULL, NULL, NULL, NULL, NULL, NULL),
(1656, 49, NULL, NULL, NULL, NULL, NULL, NULL),
(1657, 49, NULL, NULL, NULL, NULL, NULL, NULL),
(1658, 49, NULL, NULL, NULL, NULL, NULL, NULL),
(1659, 49, NULL, NULL, NULL, NULL, NULL, NULL),
(1660, 49, NULL, NULL, NULL, NULL, NULL, NULL),
(1661, 49, NULL, NULL, NULL, NULL, NULL, NULL),
(1662, 49, NULL, NULL, NULL, NULL, NULL, NULL),
(1663, 49, NULL, NULL, NULL, NULL, NULL, NULL),
(1664, 49, NULL, NULL, NULL, NULL, NULL, NULL),
(1665, 49, NULL, NULL, NULL, NULL, NULL, NULL);

-- --------------------------------------------------------

--
-- Table structure for table `si_pelatihan_quesioner`
--

CREATE TABLE `si_pelatihan_quesioner` (
  `id` int(11) UNSIGNED NOT NULL,
  `id_pelatihan` int(11) DEFAULT NULL,
  `id_quesioner` int(11) DEFAULT NULL,
  `quesioner` int(11) DEFAULT 0,
  `created_by` int(11) DEFAULT NULL,
  `created_at` datetime DEFAULT NULL,
  `updated_at` datetime DEFAULT NULL,
  `deleted_at` datetime DEFAULT NULL
) ENGINE=InnoDB DEFAULT CHARSET=utf8mb4;

--
-- Dumping data for table `si_pelatihan_quesioner`
--

INSERT INTO `si_pelatihan_quesioner` (`id`, `id_pelatihan`, `id_quesioner`, `quesioner`, `created_by`, `created_at`, `updated_at`, `deleted_at`) VALUES
(260, 17, 1, 0, 1, '2021-05-24 11:49:01', NULL, NULL),
(261, 17, 2, 1, 1, '2021-05-24 11:49:01', NULL, NULL),
(262, 17, 3, 0, 1, '2021-05-24 11:49:01', NULL, NULL),
(263, 17, 5, 0, 1, '2021-05-24 11:49:01', NULL, NULL),
(264, 17, 6, 0, 1, '2021-05-24 11:49:01', NULL, NULL),
(265, 17, 7, 0, 1, '2021-05-24 11:49:01', NULL, NULL),
(266, 17, 8, 0, 1, '2021-05-24 11:49:01', NULL, NULL),
(267, 17, 9, 0, 1, '2021-05-24 11:49:01', NULL, NULL),
(268, 17, 10, 0, 1, '2021-05-24 11:49:01', NULL, NULL),
(269, 17, 11, 1, 1, '2021-05-24 11:49:01', NULL, NULL),
(270, 17, 12, 0, 1, '2021-05-24 11:49:01', NULL, NULL),
(271, 17, 13, 0, 1, '2021-05-24 11:49:01', NULL, NULL),
(272, 17, 14, 0, 1, '2021-05-24 11:49:01', NULL, NULL),
(273, 17, 15, 0, 1, '2021-05-24 11:49:01', NULL, NULL),
(274, 17, 16, 0, 1, '2021-05-24 11:49:01', NULL, NULL),
(275, 17, 20, 0, 1, '2021-05-24 11:49:01', NULL, NULL),
(276, 17, 21, 0, 1, '2021-05-24 11:49:01', NULL, NULL),
(277, 17, 22, 0, 1, '2021-05-24 11:49:01', NULL, NULL),
(278, 17, 23, 0, 1, '2021-05-24 11:49:01', NULL, NULL),
(279, 17, 24, 0, 1, '2021-05-24 11:49:01', NULL, NULL),
(280, 17, 25, 0, 1, '2021-05-24 11:49:01', NULL, NULL),
(281, 17, 26, 0, 1, '2021-05-24 11:49:01', NULL, NULL),
(282, 17, 27, 0, 1, '2021-05-24 11:49:01', NULL, NULL),
(283, 17, 28, 0, 1, '2021-05-24 11:49:01', NULL, NULL),
(284, 17, 29, 0, 1, '2021-05-24 11:49:01', NULL, NULL),
(285, 17, 30, 1, 1, '2021-05-24 11:49:01', NULL, NULL),
(286, 17, 31, 0, 1, '2021-05-24 11:49:01', NULL, NULL),
(287, 17, 32, 0, 1, '2021-05-24 11:49:01', NULL, NULL),
(288, 17, 33, 0, 1, '2021-05-24 11:49:01', NULL, NULL),
(289, 17, 34, 0, 1, '2021-05-24 11:49:01', NULL, NULL),
(290, 17, 35, 0, 1, '2021-05-24 11:49:01', NULL, NULL),
(291, 17, 36, 0, 1, '2021-05-24 11:49:01', NULL, NULL),
(292, 17, 37, 0, 1, '2021-05-24 11:49:01', NULL, NULL),
(293, 17, 38, 0, 1, '2021-05-24 11:49:01', NULL, NULL),
(294, 17, 39, 0, 1, '2021-05-24 11:49:01', NULL, NULL),
(295, 17, 40, 0, 1, '2021-05-24 11:49:01', NULL, NULL),
(296, 17, 41, 0, 1, '2021-05-24 11:49:01', NULL, NULL),
(297, 15, 1, 0, 1, '2021-05-24 11:51:06', NULL, NULL),
(298, 15, 2, 1, 1, '2021-05-24 11:51:06', NULL, NULL),
(299, 15, 3, 0, 1, '2021-05-24 11:51:06', NULL, NULL),
(300, 15, 5, 0, 1, '2021-05-24 11:51:06', NULL, NULL),
(301, 15, 6, 0, 1, '2021-05-24 11:51:06', NULL, NULL),
(302, 15, 7, 0, 1, '2021-05-24 11:51:06', NULL, NULL),
(303, 15, 8, 0, 1, '2021-05-24 11:51:06', NULL, NULL),
(304, 15, 9, 0, 1, '2021-05-24 11:51:06', NULL, NULL),
(305, 15, 10, 0, 1, '2021-05-24 11:51:06', NULL, NULL),
(306, 15, 11, 1, 1, '2021-05-24 11:51:06', NULL, NULL),
(307, 15, 12, 0, 1, '2021-05-24 11:51:06', NULL, NULL),
(308, 15, 13, 0, 1, '2021-05-24 11:51:06', NULL, NULL),
(309, 15, 14, 0, 1, '2021-05-24 11:51:06', NULL, NULL),
(310, 15, 15, 0, 1, '2021-05-24 11:51:06', NULL, NULL),
(311, 15, 16, 0, 1, '2021-05-24 11:51:06', NULL, NULL),
(312, 15, 20, 0, 1, '2021-05-24 11:51:06', NULL, NULL),
(313, 15, 21, 0, 1, '2021-05-24 11:51:06', NULL, NULL),
(314, 15, 22, 0, 1, '2021-05-24 11:51:06', NULL, NULL),
(315, 15, 23, 0, 1, '2021-05-24 11:51:06', NULL, NULL),
(316, 15, 24, 0, 1, '2021-05-24 11:51:06', NULL, NULL),
(317, 15, 25, 0, 1, '2021-05-24 11:51:06', NULL, NULL),
(318, 15, 26, 0, 1, '2021-05-24 11:51:06', NULL, NULL),
(319, 15, 27, 0, 1, '2021-05-24 11:51:06', NULL, NULL),
(320, 15, 28, 0, 1, '2021-05-24 11:51:06', NULL, NULL),
(321, 15, 29, 0, 1, '2021-05-24 11:51:06', NULL, NULL),
(322, 15, 30, 1, 1, '2021-05-24 11:51:06', NULL, NULL),
(323, 15, 31, 0, 1, '2021-05-24 11:51:06', NULL, NULL),
(324, 15, 32, 0, 1, '2021-05-24 11:51:06', NULL, NULL),
(325, 15, 33, 0, 1, '2021-05-24 11:51:06', NULL, NULL),
(326, 15, 34, 0, 1, '2021-05-24 11:51:06', NULL, NULL),
(327, 15, 35, 0, 1, '2021-05-24 11:51:06', NULL, NULL),
(328, 15, 36, 0, 1, '2021-05-24 11:51:06', NULL, NULL),
(329, 15, 37, 0, 1, '2021-05-24 11:51:06', NULL, NULL),
(330, 15, 38, 0, 1, '2021-05-24 11:51:06', NULL, NULL),
(331, 15, 39, 0, 1, '2021-05-24 11:51:06', NULL, NULL),
(332, 15, 40, 0, 1, '2021-05-24 11:51:06', NULL, NULL),
(333, 15, 41, 0, 1, '2021-05-24 11:51:06', NULL, NULL),
(334, 22, 1, 0, 1, '2021-05-24 11:59:00', NULL, NULL),
(335, 22, 2, 1, 1, '2021-05-24 11:59:00', NULL, NULL),
(336, 22, 3, 0, 1, '2021-05-24 11:59:00', NULL, NULL),
(337, 22, 5, 0, 1, '2021-05-24 11:59:00', NULL, NULL),
(338, 22, 6, 0, 1, '2021-05-24 11:59:00', NULL, NULL),
(339, 22, 7, 0, 1, '2021-05-24 11:59:00', NULL, NULL),
(340, 22, 8, 0, 1, '2021-05-24 11:59:00', NULL, NULL),
(341, 22, 9, 0, 1, '2021-05-24 11:59:00', NULL, NULL),
(342, 22, 10, 0, 1, '2021-05-24 11:59:00', NULL, NULL),
(343, 22, 11, 1, 1, '2021-05-24 11:59:00', NULL, NULL),
(344, 22, 12, 0, 1, '2021-05-24 11:59:00', NULL, NULL),
(345, 22, 13, 0, 1, '2021-05-24 11:59:00', NULL, NULL),
(346, 22, 14, 0, 1, '2021-05-24 11:59:00', NULL, NULL),
(347, 22, 15, 0, 1, '2021-05-24 11:59:00', NULL, NULL),
(348, 22, 16, 0, 1, '2021-05-24 11:59:00', NULL, NULL),
(349, 22, 20, 0, 1, '2021-05-24 11:59:00', NULL, NULL),
(350, 22, 21, 0, 1, '2021-05-24 11:59:00', NULL, NULL),
(351, 22, 22, 0, 1, '2021-05-24 11:59:00', NULL, NULL),
(352, 22, 23, 0, 1, '2021-05-24 11:59:00', NULL, NULL),
(353, 22, 24, 0, 1, '2021-05-24 11:59:00', NULL, NULL),
(354, 22, 25, 0, 1, '2021-05-24 11:59:00', NULL, NULL),
(355, 22, 26, 0, 1, '2021-05-24 11:59:00', NULL, NULL),
(356, 22, 27, 0, 1, '2021-05-24 11:59:00', NULL, NULL),
(357, 22, 28, 0, 1, '2021-05-24 11:59:00', NULL, NULL),
(358, 22, 29, 0, 1, '2021-05-24 11:59:00', NULL, NULL),
(359, 22, 30, 1, 1, '2021-05-24 11:59:00', NULL, NULL),
(360, 22, 31, 0, 1, '2021-05-24 11:59:00', NULL, NULL),
(361, 22, 32, 0, 1, '2021-05-24 11:59:00', NULL, NULL),
(362, 22, 33, 0, 1, '2021-05-24 11:59:00', NULL, NULL),
(363, 22, 34, 0, 1, '2021-05-24 11:59:00', NULL, NULL),
(364, 22, 35, 0, 1, '2021-05-24 11:59:00', NULL, NULL),
(365, 22, 36, 0, 1, '2021-05-24 11:59:00', NULL, NULL),
(366, 22, 37, 0, 1, '2021-05-24 11:59:00', NULL, NULL),
(367, 22, 38, 0, 1, '2021-05-24 11:59:00', NULL, NULL),
(368, 22, 39, 0, 1, '2021-05-24 11:59:00', NULL, NULL),
(369, 22, 40, 0, 1, '2021-05-24 11:59:00', NULL, NULL),
(370, 22, 41, 0, 1, '2021-05-24 11:59:00', NULL, NULL),
(371, 14, 1, 0, 1, '2021-05-24 12:01:41', NULL, NULL),
(372, 14, 2, 0, 1, '2021-05-24 12:01:41', NULL, NULL),
(373, 14, 3, 0, 1, '2021-05-24 12:01:41', NULL, NULL),
(374, 14, 5, 0, 1, '2021-05-24 12:01:41', NULL, NULL),
(375, 14, 6, 0, 1, '2021-05-24 12:01:41', NULL, NULL),
(376, 14, 7, 0, 1, '2021-05-24 12:01:41', NULL, NULL),
(377, 14, 8, 0, 1, '2021-05-24 12:01:41', NULL, NULL),
(378, 14, 9, 0, 1, '2021-05-24 12:01:41', NULL, NULL),
(379, 14, 10, 0, 1, '2021-05-24 12:01:41', NULL, NULL),
(380, 14, 11, 0, 1, '2021-05-24 12:01:41', NULL, NULL),
(381, 14, 12, 0, 1, '2021-05-24 12:01:41', NULL, NULL),
(382, 14, 13, 0, 1, '2021-05-24 12:01:41', NULL, NULL),
(383, 14, 14, 0, 1, '2021-05-24 12:01:41', NULL, NULL),
(384, 14, 15, 0, 1, '2021-05-24 12:01:41', NULL, NULL),
(385, 14, 16, 0, 1, '2021-05-24 12:01:41', NULL, NULL),
(386, 14, 20, 0, 1, '2021-05-24 12:01:41', NULL, NULL),
(387, 14, 21, 0, 1, '2021-05-24 12:01:41', NULL, NULL),
(388, 14, 22, 0, 1, '2021-05-24 12:01:41', NULL, NULL),
(389, 14, 23, 0, 1, '2021-05-24 12:01:41', NULL, NULL),
(390, 14, 24, 0, 1, '2021-05-24 12:01:41', NULL, NULL),
(391, 14, 25, 0, 1, '2021-05-24 12:01:41', NULL, NULL),
(392, 14, 26, 0, 1, '2021-05-24 12:01:41', NULL, NULL),
(393, 14, 27, 0, 1, '2021-05-24 12:01:41', NULL, NULL),
(394, 14, 28, 0, 1, '2021-05-24 12:01:41', NULL, NULL),
(395, 14, 29, 0, 1, '2021-05-24 12:01:41', NULL, NULL),
(396, 14, 30, 0, 1, '2021-05-24 12:01:41', NULL, NULL),
(397, 14, 31, 0, 1, '2021-05-24 12:01:41', NULL, NULL),
(398, 14, 32, 0, 1, '2021-05-24 12:01:41', NULL, NULL),
(399, 14, 33, 0, 1, '2021-05-24 12:01:41', NULL, NULL),
(400, 14, 34, 0, 1, '2021-05-24 12:01:41', NULL, NULL),
(401, 14, 35, 0, 1, '2021-05-24 12:01:41', NULL, NULL),
(402, 14, 36, 0, 1, '2021-05-24 12:01:41', NULL, NULL),
(403, 14, 37, 0, 1, '2021-05-24 12:01:41', NULL, NULL),
(404, 14, 38, 0, 1, '2021-05-24 12:01:41', NULL, NULL),
(405, 14, 39, 0, 1, '2021-05-24 12:01:41', NULL, NULL),
(406, 14, 40, 0, 1, '2021-05-24 12:01:41', NULL, NULL),
(407, 14, 41, 0, 1, '2021-05-24 12:01:41', NULL, NULL),
(408, 13, 1, 0, 1, '2021-05-24 12:12:56', NULL, NULL),
(409, 13, 2, 1, 1, '2021-05-24 12:12:56', NULL, NULL),
(410, 13, 3, 0, 1, '2021-05-24 12:12:56', NULL, NULL),
(411, 13, 5, 0, 1, '2021-05-24 12:12:56', NULL, NULL),
(412, 13, 6, 0, 1, '2021-05-24 12:12:56', NULL, NULL),
(413, 13, 7, 0, 1, '2021-05-24 12:12:56', NULL, NULL),
(414, 13, 8, 0, 1, '2021-05-24 12:12:56', NULL, NULL),
(415, 13, 9, 0, 1, '2021-05-24 12:12:56', NULL, NULL),
(416, 13, 10, 0, 1, '2021-05-24 12:12:56', NULL, NULL),
(417, 13, 11, 1, 1, '2021-05-24 12:12:56', NULL, NULL),
(418, 13, 12, 0, 1, '2021-05-24 12:12:56', NULL, NULL),
(419, 13, 13, 0, 1, '2021-05-24 12:12:56', NULL, NULL),
(420, 13, 14, 0, 1, '2021-05-24 12:12:56', NULL, NULL),
(421, 13, 15, 0, 1, '2021-05-24 12:12:56', NULL, NULL),
(422, 13, 16, 0, 1, '2021-05-24 12:12:56', NULL, NULL),
(423, 13, 20, 0, 1, '2021-05-24 12:12:56', NULL, NULL),
(424, 13, 21, 0, 1, '2021-05-24 12:12:56', NULL, NULL),
(425, 13, 22, 0, 1, '2021-05-24 12:12:56', NULL, NULL),
(426, 13, 23, 0, 1, '2021-05-24 12:12:56', NULL, NULL),
(427, 13, 24, 0, 1, '2021-05-24 12:12:56', NULL, NULL),
(428, 13, 25, 0, 1, '2021-05-24 12:12:56', NULL, NULL),
(429, 13, 26, 0, 1, '2021-05-24 12:12:56', NULL, NULL),
(430, 13, 27, 0, 1, '2021-05-24 12:12:56', NULL, NULL),
(431, 13, 28, 0, 1, '2021-05-24 12:12:56', NULL, NULL),
(432, 13, 29, 0, 1, '2021-05-24 12:12:56', NULL, NULL),
(433, 13, 30, 1, 1, '2021-05-24 12:12:56', NULL, NULL),
(434, 13, 31, 0, 1, '2021-05-24 12:12:56', NULL, NULL),
(435, 13, 32, 0, 1, '2021-05-24 12:12:56', NULL, NULL),
(436, 13, 33, 0, 1, '2021-05-24 12:12:56', NULL, NULL),
(437, 13, 34, 0, 1, '2021-05-24 12:12:56', NULL, NULL),
(438, 13, 35, 0, 1, '2021-05-24 12:12:56', NULL, NULL),
(439, 13, 36, 0, 1, '2021-05-24 12:12:56', NULL, NULL),
(440, 13, 37, 0, 1, '2021-05-24 12:12:56', NULL, NULL),
(441, 13, 38, 0, 1, '2021-05-24 12:12:56', NULL, NULL),
(442, 13, 39, 0, 1, '2021-05-24 12:12:56', NULL, NULL),
(443, 13, 40, 0, 1, '2021-05-24 12:12:56', NULL, NULL),
(444, 13, 41, 0, 1, '2021-05-24 12:12:56', NULL, NULL),
(445, 12, 1, 0, 1, '2021-05-24 12:13:25', NULL, NULL),
(446, 12, 2, 1, 1, '2021-05-24 12:13:25', NULL, NULL),
(447, 12, 3, 0, 1, '2021-05-24 12:13:25', NULL, NULL),
(448, 12, 5, 0, 1, '2021-05-24 12:13:25', NULL, NULL),
(449, 12, 6, 0, 1, '2021-05-24 12:13:25', NULL, NULL),
(450, 12, 7, 0, 1, '2021-05-24 12:13:25', NULL, NULL),
(451, 12, 8, 0, 1, '2021-05-24 12:13:25', NULL, NULL),
(452, 12, 9, 0, 1, '2021-05-24 12:13:25', NULL, NULL),
(453, 12, 10, 0, 1, '2021-05-24 12:13:25', NULL, NULL),
(454, 12, 11, 1, 1, '2021-05-24 12:13:25', NULL, NULL),
(455, 12, 12, 0, 1, '2021-05-24 12:13:25', NULL, NULL),
(456, 12, 13, 0, 1, '2021-05-24 12:13:25', NULL, NULL),
(457, 12, 14, 0, 1, '2021-05-24 12:13:25', NULL, NULL),
(458, 12, 15, 0, 1, '2021-05-24 12:13:25', NULL, NULL),
(459, 12, 16, 0, 1, '2021-05-24 12:13:25', NULL, NULL),
(460, 12, 20, 0, 1, '2021-05-24 12:13:25', NULL, NULL),
(461, 12, 21, 0, 1, '2021-05-24 12:13:25', NULL, NULL),
(462, 12, 22, 0, 1, '2021-05-24 12:13:25', NULL, NULL),
(463, 12, 23, 0, 1, '2021-05-24 12:13:25', NULL, NULL),
(464, 12, 24, 0, 1, '2021-05-24 12:13:25', NULL, NULL),
(465, 12, 25, 0, 1, '2021-05-24 12:13:25', NULL, NULL),
(466, 12, 26, 0, 1, '2021-05-24 12:13:25', NULL, NULL),
(467, 12, 27, 0, 1, '2021-05-24 12:13:25', NULL, NULL),
(468, 12, 28, 0, 1, '2021-05-24 12:13:25', NULL, NULL),
(469, 12, 29, 0, 1, '2021-05-24 12:13:25', NULL, NULL),
(470, 12, 30, 1, 1, '2021-05-24 12:13:25', NULL, NULL),
(471, 12, 31, 0, 1, '2021-05-24 12:13:25', NULL, NULL),
(472, 12, 32, 0, 1, '2021-05-24 12:13:25', NULL, NULL),
(473, 12, 33, 0, 1, '2021-05-24 12:13:25', NULL, NULL),
(474, 12, 34, 0, 1, '2021-05-24 12:13:25', NULL, NULL),
(475, 12, 35, 0, 1, '2021-05-24 12:13:25', NULL, NULL),
(476, 12, 36, 0, 1, '2021-05-24 12:13:25', NULL, NULL),
(477, 12, 37, 0, 1, '2021-05-24 12:13:25', NULL, NULL),
(478, 12, 38, 0, 1, '2021-05-24 12:13:25', NULL, NULL),
(479, 12, 39, 0, 1, '2021-05-24 12:13:25', NULL, NULL),
(480, 12, 40, 0, 1, '2021-05-24 12:13:25', NULL, NULL),
(481, 12, 41, 0, 1, '2021-05-24 12:13:25', NULL, NULL);

-- --------------------------------------------------------

--
-- Table structure for table `si_pelatihan_syarat`
--

CREATE TABLE `si_pelatihan_syarat` (
  `id` int(11) UNSIGNED NOT NULL,
  `id_pelatihan` int(11) DEFAULT NULL,
  `id_syarat` int(11) DEFAULT NULL,
  `created_by` int(11) DEFAULT NULL,
  `created_at` datetime DEFAULT NULL,
  `updated_at` datetime DEFAULT NULL,
  `deleted_at` datetime DEFAULT NULL
) ENGINE=InnoDB DEFAULT CHARSET=utf8mb4;

--
-- Dumping data for table `si_pelatihan_syarat`
--

INSERT INTO `si_pelatihan_syarat` (`id`, `id_pelatihan`, `id_syarat`, `created_by`, `created_at`, `updated_at`, `deleted_at`) VALUES
(3, 12, 1, NULL, NULL, NULL, NULL),
(4, 12, 2, NULL, NULL, NULL, NULL),
(5, 13, 1, NULL, NULL, NULL, NULL),
(6, 13, 2, NULL, NULL, NULL, NULL),
(7, 14, 1, NULL, NULL, NULL, NULL),
(8, 14, 2, NULL, NULL, NULL, NULL),
(9, 15, 1, NULL, NULL, NULL, NULL),
(10, 15, 2, NULL, NULL, NULL, NULL),
(11, 16, 1, NULL, NULL, NULL, NULL),
(12, 16, 2, NULL, NULL, NULL, NULL),
(14, 17, 2, NULL, NULL, NULL, NULL),
(15, 18, 1, NULL, NULL, NULL, NULL),
(16, 18, 2, NULL, NULL, NULL, NULL),
(17, 19, 1, NULL, NULL, NULL, NULL),
(18, 19, 2, NULL, NULL, NULL, NULL),
(19, 20, 1, NULL, NULL, NULL, NULL),
(20, 20, 2, NULL, NULL, NULL, NULL),
(21, 21, 1, NULL, NULL, NULL, NULL),
(22, 21, 2, NULL, NULL, NULL, NULL),
(23, 22, 1, NULL, NULL, NULL, NULL),
(24, 22, 2, NULL, NULL, NULL, NULL),
(25, 17, 1, 1, '2021-05-06 12:58:36', NULL, NULL),
(26, 26, 1, 1, '2021-05-24 12:12:35', NULL, NULL),
(27, 26, 2, 1, '2021-05-24 12:12:35', NULL, NULL),
(28, 26, 6, 1, '2021-05-24 12:12:35', NULL, NULL);

-- --------------------------------------------------------

--
-- Table structure for table `si_pendidikan`
--

CREATE TABLE `si_pendidikan` (
  `id` int(11) UNSIGNED NOT NULL,
  `pendidikan` varchar(255) DEFAULT NULL
) ENGINE=InnoDB DEFAULT CHARSET=utf8mb4;

--
-- Dumping data for table `si_pendidikan`
--

INSERT INTO `si_pendidikan` (`id`, `pendidikan`) VALUES
(1, 'Tidak Sekolah'),
(2, 'SD atau sederajat'),
(3, 'SMP atau sederajat'),
(4, 'SMA / SMK atau sederajat'),
(5, 'D3 / D4 / S1'),
(6, 'S2 / S3');

-- --------------------------------------------------------

--
-- Table structure for table `si_quesioner`
--

CREATE TABLE `si_quesioner` (
  `id` int(11) UNSIGNED NOT NULL,
  `pertanyaan` varchar(255) DEFAULT NULL,
  `tipe_quesioner` int(11) DEFAULT NULL,
  `tipe_jawaban` int(255) DEFAULT NULL COMMENT '1=pilihan, data pilihan di si_quesioner_pilihan, 2=ya tidak, 3=3checkbox',
  `keterangan` varchar(255) DEFAULT NULL
) ENGINE=InnoDB DEFAULT CHARSET=utf8mb4;

--
-- Dumping data for table `si_quesioner`
--

INSERT INTO `si_quesioner` (`id`, `pertanyaan`, `tipe_quesioner`, `tipe_jawaban`, `keterangan`) VALUES
(1, 'Pelatihan yang PERNAH Anda ikuti sebelumnya di BLK / LPK yang lain (bisa isi lebih dari satu): *', 1, NULL, NULL),
(2, 'Pelatihan bersifat boarding yakni peserta akan tinggal di asrama selama pelatihan. Apakah Anda bersedia mengikuti pelatihan dari awal hingga akhir? *', 1, 1, NULL),
(3, 'Bagaimana kesediaan Anda mengikuti pelatihan selama 23 hari dengan sistem karantina?* *', 1, NULL, '*peserta tidak diperbolehkan pulang dan keluar komplek BLK selama pelatihan. Belanja kebutuhan akan dilayani oleh panitia'),
(5, 'Apa kegiatan sehari-hari Anda sekarang? *', 2, 1, NULL),
(6, 'Ceritakan tentang kegiatan Anda', 2, NULL, NULL),
(7, 'Pendapatan Anda setiap bulan: *', 2, 1, NULL),
(8, 'Status pernikahan Anda: *', 2, 1, NULL),
(9, 'Jumlah anak yang dimiliki: *', 2, NULL, 'tulis 0 bila belum punya anak'),
(10, 'Status Ayah *', 2, 1, NULL),
(11, 'Pekerjaan Ayah saat ini *', 2, NULL, 'Jangan merujuk pekerjaan di KTP, tetapi pekerjaan yang memang dijalani saat ini. Bagi yang sudah almarhum, silakan diisi \'alharhum\''),
(12, 'Status Ibu: *', 2, 1, NULL),
(13, 'Pekerjaan Ibu saat ini : *', 2, NULL, 'Jangan merujuk pekerjaan di KTP, tetapi pekerjaan yang memang dijalani saat ini. Bagi yang sudah almarhum, silakan diisi \'alharhum\''),
(14, 'Jumlah saudara kandung yang masih hidup: *', 2, NULL, 'Bila tidak ada, silakan diisi angka 0'),
(15, 'Pekerjaan saudara kandung yang sudah bekerja : *', 2, NULL, 'Jangan merujuk pekerjaan di KTP, tetapi pekerjaan yang memang dijalani saat ini. Bila jumlah saudara yang bekerja lebih dari satu, silakan pisahkan jawaban Anda dengan koma.'),
(16, 'Jumlah saudara kandung yang masih balita / masih sekolah / kuliah: *', 2, NULL, 'Bila tidak ada, silakan diisi angka 0'),
(20, 'Pelatihan yang diminati: *', 3, NULL, NULL),
(21, 'Sebutkan hobi Saudara: *', 3, NULL, NULL),
(22, 'Apa alasan Saudara mengikuti pelatihan ini? *', 3, NULL, NULL),
(23, 'Apa rencana Saudara setelah mengikuti pelatihan ini? *', 3, NULL, NULL),
(24, 'Apakah penulisan nama Anda di Akte Lahir, KTP, Ijazah, dan KK semuanya sama persis? *', 4, 1, NULL),
(25, 'Sudah berapa lama Anda ber-KTP Jawa Tengah? *', 4, 1, NULL),
(26, 'Apa kejuruan SMK / kuliah Anda? *', 4, 1, NULL),
(27, 'Apakah Anda pernah magang di Jepang? *', 4, 1, NULL),
(28, 'Tinggi badan Anda (dalam centimeter): *', 4, NULL, NULL),
(29, 'Berat badan Anda (dalam kg): *', 4, NULL, NULL),
(30, 'Centang untuk hal-hal / penyakit yang Anda miliki *', 4, 3, NULL),
(31, 'Apakah Anda pernah terlibat masalah hukum? *', 4, 2, NULL),
(32, 'Apakah Anda memiliki anggota tubuh yang lengkap dan belum pernah diamputasi? *', 4, 1, NULL),
(33, 'Apakah Anda pernah bekerja di Korea Selatan? *', 4, 2, NULL),
(34, 'Apakah Anda sedang dicekal bepergian ke luar negeri? *', 4, 2, NULL),
(35, 'Apakah Anda pernah dideportasi dari Korea? *', 4, 2, NULL),
(36, 'Unggah foto KTP Anda (Pdf / Jpeg / PNG). Max. 1 MB *', 5, NULL, NULL),
(37, 'Unggah foto KK Anda (Pdf / Jpeg / PNG). Max. 1 MB *', 5, NULL, NULL),
(38, 'Unggah foto Akta Lahir Anda (Pdf / Jpeg / PNG). Max. 1 MB *', 5, NULL, NULL),
(39, 'Unggah foto Ijazah terakhir Anda (Pdf / Jpeg / PNG). Max. 1 MB *', 5, NULL, NULL),
(40, 'Unggah foto sertifikat keahlian, jika ada (Pdf / Jpeg / PNG). Max. 1 MB', 5, NULL, NULL),
(41, 'Unggah Surat bebas buta warna dari Puskesmas / RS (Pdf / Jpeg / PNG). Max. 1 MB', 5, NULL, NULL);

-- --------------------------------------------------------

--
-- Table structure for table `si_quesioner_pilihan`
--

CREATE TABLE `si_quesioner_pilihan` (
  `id` int(11) UNSIGNED NOT NULL,
  `id_quesioner` int(11) DEFAULT NULL,
  `pilihan` varchar(255) DEFAULT NULL
) ENGINE=InnoDB DEFAULT CHARSET=utf8mb4;

--
-- Dumping data for table `si_quesioner_pilihan`
--

INSERT INTO `si_quesioner_pilihan` (`id`, `id_quesioner`, `pilihan`) VALUES
(1, 5, 'Bekerja sebagai karyawan tetap'),
(2, 5, 'Bekerja sebagai karyawan kontrak atau harian'),
(3, 5, 'Sedang mencari kerja'),
(4, 5, 'Sekolah / Kuliah'),
(5, 5, 'Di rumah / membantu orang tua'),
(6, 5, 'Usaha sendiri / Wirausaha'),
(7, 5, 'Persiapan mendaftar kuliah'),
(8, 5, 'Lainnya'),
(9, 7, 'kurang dari 500.000'),
(10, 7, '500.000 - 1.000.000'),
(11, 7, '1.000.001 - 2.500.000'),
(12, 7, '2.500.001 - 4.000.000'),
(13, 7, 'Lebih dari 4.000.000'),
(14, 8, 'Lajang'),
(15, 8, 'Menikah'),
(16, 8, 'Cerai Hidup'),
(17, 8, 'Cerai Meninggal'),
(18, 10, 'Masih Hidup'),
(19, 10, 'Sudah Almarhum'),
(20, 12, 'Masih Hidup'),
(21, 12, 'Sudah Almarhum'),
(22, 24, 'Ya. Semuanya sama persis'),
(23, 24, 'Tidak'),
(24, 25, 'Kurang dari 2 tahun'),
(25, 25, '2 tahun atau lebih'),
(26, 26, 'Teknik'),
(27, 26, 'Non Teknik'),
(28, 27, 'Pernah'),
(29, 27, 'Belum'),
(30, 30, 'Buta Warna Total'),
(31, 30, 'Buta Warna Parsial'),
(32, 30, 'Mata Minus'),
(33, 30, 'Mata Plus'),
(34, 30, 'Mata SIlinder'),
(35, 30, 'Berkacamata / Lensa Kontak'),
(36, 30, 'Gigi Bagian Depan Ompong'),
(37, 30, 'Gigi Karies'),
(38, 30, 'Ambeien'),
(39, 30, 'HIV / AIDS'),
(40, 30, 'Sipilis'),
(41, 30, 'Penyakit Kelamin Lainnya'),
(42, 30, 'Penyakit Kulit'),
(43, 30, 'Tato / Bekas Tato'),
(44, 30, 'Tindik / Bekas Tindik'),
(45, 30, 'Patah Tulang / Bekas Patah Tulang'),
(46, 30, 'Tuberculosis (TBC)'),
(47, 30, 'Hepatitis'),
(50, 32, 'Ya. Anggota tubuh saya lengkap dan belum pernah diamputasi'),
(51, 32, 'Tidak. Anggota tubuh saya tidak lengkap / pernah diamputasi'),
(55, 2, 'Bersedia'),
(56, 2, 'Ragu-ragu / tidak tahu'),
(57, 2, 'Tidak bersedia'),
(58, 30, 'Tidak satupun di atas');

-- --------------------------------------------------------

--
-- Table structure for table `si_quesioner_tipe`
--

CREATE TABLE `si_quesioner_tipe` (
  `id` int(11) UNSIGNED NOT NULL,
  `nama` varchar(255) DEFAULT NULL
) ENGINE=InnoDB DEFAULT CHARSET=utf8mb4;

--
-- Dumping data for table `si_quesioner_tipe`
--

INSERT INTO `si_quesioner_tipe` (`id`, `nama`) VALUES
(1, 'Biodata Umum'),
(2, 'Kondisi Demografi & Sosial Ekonomi'),
(3, 'MInat Bakat'),
(4, 'Syarat Khusus'),
(5, 'Upload Dokumen');

-- --------------------------------------------------------

--
-- Table structure for table `si_role`
--

CREATE TABLE `si_role` (
  `id` int(11) UNSIGNED NOT NULL,
  `nama` varchar(255) DEFAULT NULL
) ENGINE=InnoDB DEFAULT CHARSET=latin1;

--
-- Dumping data for table `si_role`
--

INSERT INTO `si_role` (`id`, `nama`) VALUES
(1, 'Admin'),
(2, 'Peserta');

-- --------------------------------------------------------

--
-- Table structure for table `si_slider`
--

CREATE TABLE `si_slider` (
  `id` int(11) UNSIGNED NOT NULL,
  `file` varchar(255) DEFAULT NULL,
  `button` int(11) DEFAULT NULL COMMENT '0 = hilang, 1 muncul',
  `text_button` varchar(255) DEFAULT NULL,
  `color_button` varchar(255) DEFAULT NULL,
  `created_by` int(11) DEFAULT NULL,
  `created_at` datetime DEFAULT NULL,
  `updated_at` datetime DEFAULT NULL ON UPDATE current_timestamp(),
  `deleted_at` datetime DEFAULT NULL
) ENGINE=InnoDB DEFAULT CHARSET=utf8mb4;

--
-- Dumping data for table `si_slider`
--

INSERT INTO `si_slider` (`id`, `file`, `button`, `text_button`, `color_button`, `created_by`, `created_at`, `updated_at`, `deleted_at`) VALUES
(1, '/upload/9f01cb8eddc45e14c29ce781090f2cd4.png', NULL, NULL, NULL, 1, '2021-05-07 06:47:35', '2021-05-07 06:51:14', '2021-05-07 06:51:14'),
(2, '/upload/2a343800a36695d06b982f64e5aef4fb.png', NULL, NULL, NULL, 1, '2021-05-07 06:49:49', NULL, NULL),
(3, '/upload/337bf77023117ad9dcc61cc2e5d368b0.png', NULL, NULL, NULL, 1, '2021-05-07 06:49:57', NULL, NULL),
(4, '/upload/c06d2ca72e7da117e809e04d3d0afd65.jpeg', NULL, NULL, NULL, 1, '2021-06-14 15:53:41', NULL, NULL);

-- --------------------------------------------------------

--
-- Table structure for table `si_status_pendaftaran`
--

CREATE TABLE `si_status_pendaftaran` (
  `id` int(11) UNSIGNED NOT NULL,
  `kode` int(11) DEFAULT NULL,
  `nama` varchar(255) DEFAULT NULL
) ENGINE=InnoDB DEFAULT CHARSET=utf8mb4;

--
-- Dumping data for table `si_status_pendaftaran`
--

INSERT INTO `si_status_pendaftaran` (`id`, `kode`, `nama`) VALUES
(1, 0, 'Menunggu'),
(2, 1, 'Lolos Administrasi'),
(3, 2, 'Lolos Pelatihan'),
(4, 3, 'Tidak Lolos');

-- --------------------------------------------------------

--
-- Table structure for table `si_syarat`
--

CREATE TABLE `si_syarat` (
  `id` int(11) UNSIGNED NOT NULL,
  `deskripsi` varchar(255) DEFAULT NULL,
  `as` varchar(11) DEFAULT NULL,
  `created_by` int(11) DEFAULT NULL,
  `created_at` datetime DEFAULT NULL,
  `updated_at` datetime DEFAULT NULL ON UPDATE current_timestamp(),
  `deleted_at` datetime DEFAULT NULL
) ENGINE=InnoDB DEFAULT CHARSET=utf8mb4;

--
-- Dumping data for table `si_syarat`
--

INSERT INTO `si_syarat` (`id`, `deskripsi`, `as`, `created_by`, `created_at`, `updated_at`, `deleted_at`) VALUES
(1, 'Usia minimal 18 tahun', 'selected', 1, NULL, '2021-05-07 06:50:59', '2021-05-07 06:50:59'),
(2, 'KTP Jawa Tengah', 'selected', 1, NULL, '2021-03-16 19:16:03', NULL),
(6, 'Tidak Sedang Menempuh Pendidikan Formal', 'selected', 1, NULL, '2021-05-06 14:17:19', NULL),
(7, 'A', 'selected', 1, '2021-05-06 14:40:54', '2021-05-06 14:47:01', '2021-05-06 14:47:01'),
(8, NULL, NULL, 1, '2021-05-07 06:46:32', '2021-05-08 09:22:40', '2021-05-08 09:22:40');

-- --------------------------------------------------------

--
-- Table structure for table `si_testimonial`
--

CREATE TABLE `si_testimonial` (
  `id` int(11) UNSIGNED NOT NULL,
  `judul_testimoni` varchar(255) DEFAULT NULL,
  `isi_testimoni` text DEFAULT NULL,
  `id_user` int(11) DEFAULT NULL,
  `id_pelatihan` int(11) DEFAULT NULL,
  `created_by` int(11) DEFAULT NULL,
  `created_at` datetime DEFAULT NULL,
  `updated_at` datetime DEFAULT NULL ON UPDATE current_timestamp(),
  `deleted_at` datetime DEFAULT NULL
) ENGINE=InnoDB DEFAULT CHARSET=utf8mb4;

--
-- Dumping data for table `si_testimonial`
--

INSERT INTO `si_testimonial` (`id`, `judul_testimoni`, `isi_testimoni`, `id_user`, `id_pelatihan`, `created_by`, `created_at`, `updated_at`, `deleted_at`) VALUES
(1, 'Terima kasih', 'Testimoni', 9, 13, NULL, NULL, '2021-03-17 00:45:47', NULL),
(3, 'Alhamdulillah', 'Testimoni', 10, 13, NULL, NULL, '2021-03-17 00:45:50', NULL),
(5, 'Saya keterima kerja', 'Testimoni', 11, 13, NULL, NULL, '2021-03-17 00:46:03', NULL),
(6, 'Pelatihannya sangat baik', 'Testimoni', 12, 13, NULL, NULL, '2021-03-17 00:46:17', NULL),
(7, 'Kurikulumnya terdepan', 'Testimoni', 13, 13, NULL, NULL, '2021-03-17 00:46:22', NULL),
(8, 'Sangat Berdampak', 'Testimoni', 14, 13, NULL, NULL, '2021-03-17 00:46:39', NULL);

-- --------------------------------------------------------

--
-- Table structure for table `si_user`
--

CREATE TABLE `si_user` (
  `id_pengguna` int(11) UNSIGNED NOT NULL,
  `username` varchar(255) DEFAULT NULL,
  `password` varchar(255) DEFAULT NULL,
  `role` int(11) DEFAULT NULL,
  `nama` varchar(255) DEFAULT NULL,
  `nik` int(11) DEFAULT NULL,
  `tempat_lahir` varchar(255) DEFAULT NULL,
  `tgl_lahir` date DEFAULT NULL,
  `pendidikan_terakhir` int(11) DEFAULT NULL,
  `hp` varchar(255) DEFAULT NULL,
  `wa` varchar(255) DEFAULT NULL,
  `kota_domisili` int(11) DEFAULT NULL,
  `alamat_lengkap` varchar(255) DEFAULT NULL,
  `gender` char(2) DEFAULT NULL COMMENT '1=laki, 2=perempuan',
  `golongan_darah` char(2) DEFAULT NULL COMMENT 'A,B,AB,O',
  `foto` varchar(255) DEFAULT 'assets/user.png',
  `created_at` datetime DEFAULT NULL,
  `updated_at` datetime DEFAULT NULL ON UPDATE current_timestamp(),
  `deleted_at` datetime DEFAULT NULL
) ENGINE=InnoDB DEFAULT CHARSET=latin1;

--
-- Dumping data for table `si_user`
--

INSERT INTO `si_user` (`id_pengguna`, `username`, `password`, `role`, `nama`, `nik`, `tempat_lahir`, `tgl_lahir`, `pendidikan_terakhir`, `hp`, `wa`, `kota_domisili`, `alamat_lengkap`, `gender`, `golongan_darah`, `foto`, `created_at`, `updated_at`, `deleted_at`) VALUES
(1, 'admin@admin.com', '40bd001563085fc35165329ea1ff5c5ecbdbbeef', 1, 'Admin', NULL, NULL, NULL, NULL, NULL, NULL, NULL, NULL, NULL, NULL, NULL, '2020-07-23 22:48:08', '2021-05-27 12:15:23', NULL),
(9, 'peserta1@gmail.com', '40bd001563085fc35165329ea1ff5c5ecbdbbeef', 2, 'Angga Wi', 2147483647, 'Cilacap', '2000-01-17', NULL, '081227227227', '6281227227991', 3301, 'Cilacap', NULL, NULL, 'upload/user/1.png', '2021-03-17 00:21:14', '2021-05-06 09:30:17', NULL),
(10, 'peserta1@gmail.com', '40bd001563085fc35165329ea1ff5c5ecbdbbeef', 2, 'Pras Teguh', 2147483647, 'Cilacap', '2000-01-17', NULL, '081227227227', '6281227227991', 3301, 'Cilacap', NULL, NULL, 'upload/user/2.png', '2021-03-17 00:21:14', '2021-05-06 09:30:16', NULL),
(11, 'peserta1@gmail.com', '40bd001563085fc35165329ea1ff5c5ecbdbbeef', 2, 'Joko Sunarno', 2147483647, 'Cilacap', '2000-01-17', NULL, '081227227227', '6281227227991', 3301, 'Cilacap', NULL, NULL, 'upload/user/3.png', '2021-03-17 00:21:14', '2021-05-06 14:48:44', '2021-05-06 14:48:44'),
(12, 'peserta1@gmail.com', '40bd001563085fc35165329ea1ff5c5ecbdbbeef', 2, 'Sintia Ningrum', 2147483647, 'Cilacap', '2000-01-17', NULL, '081227227227', '6281227227991', 3301, 'Cilacap', NULL, NULL, 'upload/user/4.png', '2021-03-17 00:21:14', '2021-05-06 09:30:13', NULL),
(13, 'peserta1@gmail.com', '40bd001563085fc35165329ea1ff5c5ecbdbbeef', 2, 'N Maya Sista', 2147483647, 'Cilacap', '2000-01-17', NULL, '081227227227', '6281227227991', 3301, 'Cilacap', NULL, NULL, 'upload/user/5.png', '2021-03-17 00:21:14', '2021-05-06 09:30:14', NULL),
(14, 'peserta1@gmail.com', '40bd001563085fc35165329ea1ff5c5ecbdbbeef', 2, 'Alisha Manda', 2147483647, 'Cilacap', '2000-01-17', NULL, '081227227227', '6281227227991', 3301, 'Cilacap', NULL, NULL, 'upload/user/6.png', '2021-03-17 00:21:14', '2021-05-06 09:30:12', NULL),
(15, 'putra@gmail.com', '8cb2237d0679ca88db6464eac60da96345513964', 2, 'Putra ', 14045, 'Semarang', '2021-05-04', NULL, '081212653123', '6281227227991', 3374, 'Candisari 3', NULL, NULL, 'assets/user.png', '2021-05-04 07:31:01', '2021-05-27 12:26:10', NULL),
(17, 'namalengkapku1@gmail.com', '40bd001563085fc35165329ea1ff5c5ecbdbbeef', 2, 'Nama Lengkap', 2147483647, 'Semarang', '1999-12-26', 5, '085641903904', '6285641903904', 3374, 'jauh', 'L', 'A', '/upload/user/004908075da8a0ab503a35b891295ed3.png', '2021-05-06 11:28:08', '2021-05-27 12:26:43', NULL),
(18, '198809022011011004', '40bd001563085fc35165329ea1ff5c5ecbdbbeef', NULL, 'A', NULL, NULL, NULL, NULL, NULL, NULL, NULL, NULL, NULL, NULL, 'assets/user.png', NULL, NULL, NULL),
(19, '198809022011011004', 'e925c714c45f81c53c9ac998908f3a6c8d3260f4', 1, 'A', NULL, NULL, NULL, NULL, NULL, NULL, NULL, NULL, NULL, NULL, 'assets/user.png', NULL, '2021-05-06 15:46:26', '2021-05-06 15:46:26'),
(20, 'asdasdasd', 'e925c714c45f81c53c9ac998908f3a6c8d3260f4', 1, 'Admin', NULL, NULL, NULL, NULL, NULL, NULL, NULL, NULL, NULL, NULL, 'assets/user.png', NULL, '2021-05-08 09:12:13', '2021-05-08 09:12:13'),
(21, 'dananto.ras@gmail.com', 'd1c056a983786a38ca76a05cda240c7b86d77136', 2, 'Tes', 2147483647, 'Semarang', '1998-05-10', 2, '0852727252', '628392087279', 3305, 'Tes', 'L', 'A', '/upload/user/0269bb4d8a0dcef25da8a5d7fdc5f9f9.jpg', '2021-05-10 13:50:56', NULL, NULL),
(22, 'saripudinmrb2005@gmail.com', 'df58a8349341d7c2e64fed892f7307c316c57978', 2, 'SARIPUDIJ', 2147483647, 'Cilacap', '1994-05-20', 5, '081903627621', '6281903627621', 3301, 'Dusun Gunung Geulis RT 002 RW 009 Desa Tambaksari Kecamatan Wabareja', 'L', 'O', '/upload/user/7f54a3f7ce951e3d09b1188154300582.jpg', '2021-06-11 15:12:56', NULL, NULL),
(23, 'emkauchiha@gmail.com', '4fdb63636909dfc22f071e465c47e4857c70f51d', 2, 'Maftukhanul karim', 2147483647, 'Demak', '1994-05-28', 5, '085848597555', '6285848597555', 3371, 'Ponpes tidar, tidar dudan 01/10, tidar utara, magelang selatan, kota magelang 56125', 'L', 'AB', '/upload/user/4591206f223df2a734e4d29bcd1047a8.jpg', '2021-06-13 12:10:34', NULL, NULL),
(24, 'nanangnanang6787@gmail.com', 'edf63badb0fd381687fc958808150cdc63e3b9b2', 2, 'Giyatno', 2147483647, 'Cilacap', '1989-02-27', 5, '6281225617767', '62812256177676', 3301, 'Jl.Brantas Rt 1/4 desa karangmangu kecamatan kroya', 'L', 'A', '/upload/user/b6c6ff5e0f25c614401c25ac33e70550.jpg', '2021-06-15 19:28:20', NULL, NULL),
(25, 'nanangnanang6787@gmail.com', 'edf63badb0fd381687fc958808150cdc63e3b9b2', 2, 'Giyatno', 2147483647, 'Cilacap', '2018-10-16', 5, '6281225617767', '62812256177676', 3301, 'Jl.brantas rt 1/4', 'L', 'A', '/upload/user/59bcd7d9a7ca6e2d336f1a707a514cb3.jpg', '2021-06-15 19:29:49', NULL, NULL),
(26, 'wibawabayu@gmail.com', '455f2babfa7b8d330c26a0318e262aa54faf7779', 2, 'Wibawa Bayu Priambada', 2147483647, 'Bandung', '1995-02-12', 5, '081286429355', '6281286429355', 3308, 'Perum bhumi nusantara II/C3 rt 01 rw 18 banjarnegoro mertoyudan kabupaten magelang', 'L', 'O', '/upload/user/f93d636e0e0f6ee5111ce9c4f3e548b8.jpg', '2021-06-16 22:10:20', NULL, NULL),
(27, 'wibawabayu@gmail.com', '455f2babfa7b8d330c26a0318e262aa54faf7779', 2, 'Wibawa Bayu Priambada', 2147483647, 'Bandung', '1995-02-12', 5, '081286429355', '6281286429355', 3308, 'Perum bhumi nusantara II/C3 rt 01 rw 18 banjarnegoro mertoyudan kabupaten magelang', 'L', 'O', '/upload/user/e8f03add1ddef21970d3bbefe2d97720.jpg', '2021-06-16 22:11:29', NULL, NULL),
(28, 'budi.id001@gmail.com', '3e1da46aaa652ef2f2c353d7907fe33ebc7770f8', 2, 'Budi Laksono', 2147483647, 'Rembang', '1996-10-23', 5, '082138472871', '082138472871', 3317, 'Desa Kasreman RT02/RW01 Kecamatan Rembang, Kabupaten Rembang, Jawa Tengah', 'L', 'A', '/upload/user/325fe2113db81c5e4a79b37247449054.jpg', '2021-06-18 13:50:18', NULL, NULL),
(29, 'budi.id001@gmail.com', 'e08ae8f249948b94c61d4e92c60f999d225ea73e', 2, 'Budi Laksono', 2147483647, 'Rembang', '1996-10-23', 5, '082138472871', '082138472871', 3317, 'Desa Kasreman RT02/RW01, Kecamatan Rembang, Kabupaten Rembang, Jawa Tengah', 'L', 'A', '/upload/user/29b102fedb9d1ba2fd1fea553ee5bf3f.jpg', '2021-06-18 13:52:35', NULL, NULL),
(30, 'budi.id001@gmail.com', 'e08ae8f249948b94c61d4e92c60f999d225ea73e', 2, 'Budi Laksono', 2147483647, 'Rembang', '1996-10-23', 5, '082138472871', '082138472871', 3317, 'Desa Kasreman RT02/RW01, Kecamatan Rembang, Kabupaten Rembang, Jawa Tengah', 'L', 'A', '/upload/user/dcc50344056450d67bb114aef5145041.jpg', '2021-06-18 15:45:18', NULL, NULL),
(31, 'yudithialfira@gmail.com', '88eecc6a0a02ae89022d05a757535f3ccd4ae322', 2, 'Yudithia Alfira Hadi', 2147483647, 'Magelang', '1997-04-02', 5, '085643878569', '6285643878569', 3371, 'Ringinanom RT 1 RW 3 No 173A Kramat Selatan Magelang Utara', 'P', 'B', '/upload/user/f30ec4fb1bc8c3906d53f37b0b68ee5d.jpg', '2021-06-22 11:45:39', NULL, NULL),
(32, 'yudithialfira@gmail.com', '88eecc6a0a02ae89022d05a757535f3ccd4ae322', 2, 'Yudithia Alfira Hadi', 2147483647, 'Magelang', '1997-04-02', 5, '085643878569', '6285643878569', 3371, 'Ringinanom RT 1 RW 3 No 173A Kramat Selatan, Magelang Utara', 'P', 'B', '/upload/user/c60f61de28ee02e35365c7ea5bd9dedb.jpg', '2021-06-22 11:48:17', NULL, NULL),
(33, 'ekarinawt@gmail.com', '5a919f4b9e99f35bf01f8b56a7cad352d9d693f6', 2, 'Eka Rinawati', 2147483647, 'Wonosobo', '1991-12-22', 5, '082223405462', '6282223405462', 3307, 'Dusun Pawulon 001/016 Desa Gondowulan Kecamatan Kepil Kabupaten Wonosobo', 'P', 'A', '/upload/user/1e4f2883d79cb0ebd75b1981f933c192.jpg', '2021-06-22 14:56:05', NULL, NULL),
(34, 'ekarinawt@gmail.com', '5a919f4b9e99f35bf01f8b56a7cad352d9d693f6', 2, 'Eka Rinawati', 2147483647, 'Wonosobo', '1991-12-22', 5, '082223405462', '6282223405462', 3307, 'Dusun Pawulon RT 01 RW 016 Desa Gondowulan Kecamatan Kepil', 'P', 'A', '/upload/user/c28d00979604b35bd3d04b7bdcb4321b.jpg', '2021-06-22 15:07:14', NULL, NULL),
(35, 'prayogo.edwin@gmail.com', '40bd001563085fc35165329ea1ff5c5ecbdbbeef', 2, 'Edwin', 2147483647, 'Demak', '2015-12-10', 5, '085641903903', '085641903903', 3374, 'Mijen', 'L', 'A', '/upload/user/f94bc2ced01aa8a3f8231dba3cfdae88.jpg', '2021-06-22 18:52:16', NULL, NULL),
(36, 'admin@admins.com', '8cb2237d0679ca88db6464eac60da96345513964', 2, 'Intech Indonesia', 2147483647, 'Semarang', '2021-06-21', 1, '085641903904', '081212653123', 3301, 'Candisari 3', 'L', 'A', '/upload/user/11c2de7d5f529a5c66d8cf8de52dfaf0.jpeg', '2021-06-22 18:56:27', NULL, NULL),
(37, 'aaa@admin.com', '8cb2237d0679ca88db6464eac60da96345513964', 2, 'Intech Indonesia', 2147483647, 'Semarang', '2021-06-15', 1, '085641903904', '081212653123', 3301, 'Candisari 3', 'L', 'A', '/upload/user/3bc1f90e25196f5e432d4927d9199444.jpeg', '2021-06-22 18:57:21', NULL, NULL),
(38, 'admin@admin.com', '8cb2237d0679ca88db6464eac60da96345513964', 2, 'Intech Indonesia', 2147483647, 'Semarang', '2021-06-23', 2, '085641903904', '081212653123', 3301, 'Candisari 3', 'L', 'A', '/upload/user/cde8f0173ef8d599413c97555ae02e25.jpeg', '2021-06-22 18:58:44', NULL, NULL),
(39, 'admin@admasin.com', '40bd001563085fc35165329ea1ff5c5ecbdbbeef', 2, 'Intech Indonesia', 2147483647, 'Semarang', '2021-06-22', 1, '085641903904', '081212653123', 3301, 'Candisari 3', 'L', 'A', '/upload/user/de2a6fabac12064d61900a6a66e38f01.jpeg', '2021-06-22 18:59:45', NULL, NULL),
(40, 'abc@admin.com', '8cb2237d0679ca88db6464eac60da96345513964', 2, 'Intech Indonesia', 2147483647, 'Semarang', '2021-06-22', 1, '085641903904', '081212653123', 3301, 'Candisari 3', 'L', 'A', '/upload/user/37d7e6a36f0f08f8a2e43b7dabcfc58f.jpeg', '2021-06-22 19:09:55', NULL, NULL),
(41, 'admin@admin.com', '40bd001563085fc35165329ea1ff5c5ecbdbbeef', 2, 'Intech Indonesia', 2147483647, 'Semarang', '2021-06-23', 1, '085641903904', '081212653123', 3301, 'Candisari 3', 'L', 'A', '/upload/user/697403ec9b31548b9e2a3d762cc6f70a.jpeg', '2021-06-22 19:10:44', NULL, NULL),
(42, 'admin@admin.com', '8cb2237d0679ca88db6464eac60da96345513964', 2, 'Intech Indonesia', 2147483647, 'Semarang', '2021-06-29', 1, '085641903904', '081212653123', 3301, 'Candisari 3', 'L', 'A', '/upload/user/05f758a46e24aa32fa5edf0ef6199ce8.jpeg', '2021-06-22 19:15:36', NULL, NULL),
(43, 'admin@admin.com', '8cb2237d0679ca88db6464eac60da96345513964', 2, 'Intech Indonesia', 2147483647, 'Semarang', '2021-06-29', 1, '085641903904', '081212653123', 3301, 'Candisari 3', 'L', 'A', '/upload/user/3be248201909589c07dc3439dd43412c.jpeg', '2021-06-22 19:19:37', NULL, NULL),
(44, 'admin@admin.com', '8cb2237d0679ca88db6464eac60da96345513964', 2, 'Intech Indonesia', 2147483647, 'Semarang', '2021-06-29', 1, '085641903904', '081212653123', 3301, 'Candisari 3', 'L', 'A', '/upload/user/0ab134f3341a33fbaf2e86887e025073.jpeg', '2021-06-22 19:20:13', NULL, NULL),
(45, 'admin@admin.com', '8cb2237d0679ca88db6464eac60da96345513964', 2, 'Intech Indonesia', 2147483647, 'Semarang', '2021-06-29', 1, '085641903904', '081212653123', 3301, 'Candisari 3', 'L', 'A', '/upload/user/c79c6ea09fe963f66bd5e6766c30d4e8.jpeg', '2021-06-22 19:21:36', NULL, NULL),
(46, 'admin@admin.com', '8cb2237d0679ca88db6464eac60da96345513964', 2, 'Intech Indonesia', 2147483647, 'Semarang', '2021-06-29', 1, '085641903904', '081212653123', 3301, 'Candisari 3', 'L', 'A', '/upload/user/9a521751f853bee2530eee31261cca32.jpeg', '2021-06-22 19:28:28', NULL, NULL),
(47, 'admin@admin.com', '8cb2237d0679ca88db6464eac60da96345513964', 2, 'Intech Indonesia', 2147483647, 'Semarang', '2021-06-29', 1, '085641903904', '081212653123', 3301, 'Candisari 3', 'L', 'A', '/upload/user/24ec4005ae09901edd37b18ddc82ca4b.jpeg', '2021-06-22 19:29:01', NULL, NULL),
(48, 'admin@admin.com', '8cb2237d0679ca88db6464eac60da96345513964', 2, 'Intech Indonesia', 2147483647, 'Semarang', '2021-06-29', 1, '085641903904', '081212653123', 3301, 'Candisari 3', 'L', 'A', '/upload/user/2587bc34632404d69cdf55d35fe3d63a.jpeg', '2021-06-22 19:29:19', NULL, NULL),
(49, 'admin@admin.com', '8cb2237d0679ca88db6464eac60da96345513964', 2, 'Intech Indonesia', 2147483647, 'Semarang', '2021-06-29', 1, '085641903904', '081212653123', 3301, 'Candisari 3', 'L', 'A', '/upload/user/ae3146f1d02828a098c7aaa2e75c8302.jpeg', '2021-06-22 19:29:44', NULL, NULL),
(50, 'admin@admin.com', '8cb2237d0679ca88db6464eac60da96345513964', 2, 'Intech Indonesia', 2147483647, 'Semarang', '2021-06-29', 1, '085641903904', '081212653123', 3301, 'Candisari 3', 'L', 'A', '/upload/user/807267eaeaed95f4490625b88b98b463.jpeg', '2021-06-22 19:30:07', NULL, NULL),
(51, 'admin@admin.com', '8cb2237d0679ca88db6464eac60da96345513964', 2, 'Intech Indonesia', 2147483647, 'Semarang', '2021-06-29', 1, '085641903904', '081212653123', 3301, 'Candisari 3', 'L', 'A', '/upload/user/7f12994a665ce13feffe52eff93a7b72.jpeg', '2021-06-22 19:33:52', NULL, NULL),
(52, 'admin@admin.com', '8cb2237d0679ca88db6464eac60da96345513964', 2, 'Intech Indonesia', 2147483647, 'Semarang', '2021-06-29', 1, '085641903904', '081212653123', 3301, 'Candisari 3', 'L', 'A', '/upload/user/7abf553fc18158838eacef75b80a29f5.jpeg', '2021-06-22 19:34:41', NULL, NULL),
(53, 'adminz@admin.com', '8cb2237d0679ca88db6464eac60da96345513964', 2, 'Intech Indonesia', 2147483647, 'Semarang', '2021-06-29', 1, '085641903904', '081212653123', 3301, 'Candisari 3', 'L', 'A', '/upload/user/614e18b50ee1eaf8534bab346a148d24.jpeg', '2021-06-22 19:42:23', NULL, NULL),
(54, 'adminz@admin.com', '40bd001563085fc35165329ea1ff5c5ecbdbbeef', 2, 'Intech Indonesia', 2147483647, 'Semarang', '2021-06-29', 1, '085641903904', '081212653123', 3301, 'Candisari 3', 'L', 'A', '/upload/user/61993452493505ac442d080d7946fcd6.jpeg', '2021-06-22 19:43:23', NULL, NULL),
(55, 'adminz@admin.com', '40bd001563085fc35165329ea1ff5c5ecbdbbeef', 2, 'Intech Indonesia', 2147483647, 'Semarang', '2021-06-29', 1, '085641903904', '081212653123', 3301, 'Candisari 3', 'L', 'A', '/upload/user/665ae57106048249401027fefb0a5795.jpeg', '2021-06-22 19:45:27', NULL, NULL),
(56, 'adminz@admin.com', '40bd001563085fc35165329ea1ff5c5ecbdbbeef', 2, 'Intech Indonesia', 2147483647, 'Semarang', '2021-06-29', 1, '085641903904', '081212653123', 3301, 'Candisari 3', 'L', 'A', '/upload/user/f00f30d2cfaf8c4411f22a0951c7e479.jpeg', '2021-06-22 19:48:55', NULL, NULL),
(57, 'adminz@admin.com', '40bd001563085fc35165329ea1ff5c5ecbdbbeef', 2, 'Intech Indonesia', 2147483647, 'Semarang', '2021-06-29', 1, '085641903904', '081212653123', 3301, 'Candisari 3', 'L', 'A', '/upload/user/7d6490b701b2d2d50941ac1d87e246a0.jpeg', '2021-06-22 19:49:19', NULL, NULL),
(58, 'ahmadd@gmail.com', '40bd001563085fc35165329ea1ff5c5ecbdbbeef', 2, 'Intech Indonesia', 2147483647, 'Semarang', '2021-06-29', 1, '085641903904', '081212653123', 3301, 'Candisari 3', 'L', 'A', '/upload/user/4cd5802c8a472f5c4afb1bde4a827b5b.jpeg', '2021-06-22 19:51:12', NULL, NULL),
(59, 'ahmadd@gmail.com', '8cb2237d0679ca88db6464eac60da96345513964', 2, 'Intech Indonesia', 2147483647, 'Semarang', '2021-06-29', 1, '085641903904', '081212653123', 3301, 'Candisari 3', 'L', 'A', '/upload/user/df32e1b1978ac0379462f2941c7ffee9.jpeg', '2021-06-22 19:52:49', NULL, NULL),
(60, 'ahmadd@gmail.com', '40bd001563085fc35165329ea1ff5c5ecbdbbeef', 2, 'Intech Indonesia', 2147483647, 'Semarang', '2021-06-29', 1, '085641903904', '081212653123', 3301, 'Candisari 3', 'L', 'A', '/upload/user/b381160045c11b0a290ccdbf51c7efb2.jpeg', '2021-06-22 19:55:02', NULL, NULL),
(61, 'ahmadd@gmail.com', '356a192b7913b04c54574d18c28d46e6395428ab', 2, 'Intech Indonesia', 2147483647, 'Semarang', '2021-06-29', 1, '085641903904', '081212653123', 3301, 'Candisari 3', 'L', 'A', '/upload/user/7791147316bc0c33b3f637c572434622.jpeg', '2021-06-22 19:57:38', NULL, NULL),
(62, 'ahmadd@gmail.com', '356a192b7913b04c54574d18c28d46e6395428ab', 2, 'Intech Indonesia', 2147483647, 'Semarang', '2021-06-29', 1, '085641903904', '081212653123', 3301, 'Candisari 3', 'L', 'A', '/upload/user/2436d9a8a807680e6eb94b73c81591fd.jpeg', '2021-06-22 19:58:02', NULL, NULL),
(63, 'ahmadd@gmail.com', '356a192b7913b04c54574d18c28d46e6395428ab', 2, 'Intech Indonesia', 2147483647, 'Semarang', '2021-06-29', 1, '085641903904', '081212653123', 3301, 'Candisari 3', 'L', 'A', '/upload/user/6e32b13a40f38f88b7cd8503b35e3429.jpeg', '2021-06-22 20:04:09', NULL, NULL),
(64, 'ahmadd@gmail.com', '40bd001563085fc35165329ea1ff5c5ecbdbbeef', 2, 'Intech Indonesia', 2147483647, 'Semarang', '2021-06-29', 1, '085641903904', '081212653123', 3301, 'Candisari 3', 'L', 'A', '/upload/user/7103f25969f8c49f7bdcaaa26e67632a.jpeg', '2021-06-22 20:05:46', NULL, NULL),
(65, 'pesertaujicoba@gmail.com', '40bd001563085fc35165329ea1ff5c5ecbdbbeef', 2, 'Peserta Uji Coba', 2147483647, 'Semarang', '2021-06-22', 4, '085641903000', '081212653123', 3301, 'Candisari 3', 'L', 'A', '/upload/user/857b2e3aab0a40fbde53aead00900de2.jpeg', '2021-06-22 20:07:58', NULL, NULL),
(66, 'dianrachmayani24@gmail.com', '84e5bfa1a108f616580af49d8d45e7f9d490f62d', 2, 'Dian Puteri Rachmayani ', 2147483647, 'Ternate', '1997-12-24', 5, '0895377677706', '0895377677706', 3308, 'Dusun Bromo, RT 02, RW 016, Kalinegoro, Kec. Mertoyudan, Kab. Magelang ', 'P', 'AB', '/upload/user/a4afad5620ef5ede8bd2a4b199d446d0.jpg', '2021-06-23 18:38:03', NULL, NULL),
(67, 'yudithialfira@gmail.com', '88eecc6a0a02ae89022d05a757535f3ccd4ae322', 2, 'Yudithia Alfira Hadi', 2147483647, 'Magelang', '1997-04-02', 5, '085643878569', '6285643878569', 3371, 'Ringinanom RT 1 RW 3 No 173A Kramat Selatan, Magelang Utraa', 'P', 'B', '/upload/user/fc34e1287193744b5474490778f5ef39.jpg', '2021-06-23 18:55:26', NULL, NULL),
(68, 'dwiirawan511@gmail.com', '5b71b890896267c8c90bfc9c1070b77701ad523c', 2, 'Dwi irawan', 2147483647, 'Batang', '1994-05-18', 5, '082220503695', '082220503695', 3325, 'Ds wonokerso rt 01/02 kecamatan lIikmpung', 'L', 'A', '/upload/user/36f2e65c646c32fb8cceecd6a94f61ac.jpg', '2021-06-24 09:01:26', NULL, NULL),
(69, 'meldzunnurain@gmail.com', 'c81a18586c6a98c5b118cd274f4033e5d3c5845a', 2, 'Muhammad Dlunuroen', 2147483647, 'Semarang', '2001-06-02', 4, '085866586632', '085866586632', 3374, 'Kp Bugen Bangetayu Kulon Rt 01 Rw 03 Genuk Semarang', 'L', 'O', '/upload/user/dc2a528be77fec7721365b41accf729a.png', '2021-06-24 09:07:13', NULL, NULL),
(70, 'rkresentia@gmail.com', 'f35705e0a59460ba3547069c49b9386abafdddda', 2, 'Kresentia Rossy Andriana', 2147483647, 'Kota Surakarta', '2001-12-13', 4, '08985393173', '08985393173', 3372, 'Rinjani Utara IV no 4', 'P', 'O', '/upload/user/e16b890cece930686dd08faf31ffa375.jpg', '2021-06-24 09:21:35', NULL, NULL),
(71, 'aku@gmail.com', 'e0bf595737bf84129e6b2816d5078a81a792cafc', 2, 'Aku', 68378, 'Solo', '1998-06-24', 5, '083637949010', '086251839490', 3372, 'Surakarta', 'P', 'AB', '/upload/user/7c90ee2b9866208270a0f2924e423b47.jpg', '2021-06-24 09:51:31', NULL, NULL),
(72, 'hellomia1199@gmail.com', 'f7ff19743764bbaaf74e2a3cf92da51e43de0f6e', 2, 'Miya Endraswari', 2147483647, 'Klaten', '2000-07-26', 4, '085646772607', '085646772607', 3310, 'Cetokan, rt02/rw01, joho, prambanan, klaten ', 'P', 'B', '/upload/user/0401aa903c85fb41bd46f48ec793da1c.jpg', '2021-06-24 10:19:51', NULL, NULL),
(73, 'gijakti@gmail.com', '475c21867a16304f997525e23f7bd15c9ce3a8cf', 2, 'Gatot Ismoyo Jakti', 2147483647, 'Kudus', '1994-10-15', 4, '085713758535', '085713758535', 3321, 'Jl. Pucang Asri VI pucang Gading', 'L', 'B', '/upload/user/af54a7b33118a97812e9e82bac3df364.jpg', '2021-06-24 11:19:25', NULL, NULL),
(74, 'tegar9f28@gmail.com', '43ea4a8194b5a05113d553b47c4867a3e79ea2ad', 2, 'Tegar Bhakti Sandiyudha', 2147483647, 'SEMARANG', '1997-04-11', 5, '082219416159', '082219416159', 3374, 'PANDANA MERDEKA RT01/03', 'L', 'A', '/upload/user/42ea3f3d10e71207683302f5f015a54b.jpg', '2021-06-24 11:32:31', NULL, NULL),
(75, 'ayuamaliar11@gmail.com', 'd755ee0bc795a443c240769a7279164a222313a5', 2, 'Ayu Amalia', 2147483647, 'Banyumas', '1998-01-11', 5, '081329468742', '081329468742', 3302, 'Jl laksda Yos Sudarso RT 04 RW 01 Purwokerto barat kabupaten Banyumas provinsi Jawa tengah', 'P', 'B', '/upload/user/4fbb84d40dc9ed85a8d9102c6a5d413d.png', '2021-06-29 14:49:00', NULL, NULL),
(76, 'meldzunnurain@gmail.com', 'c81a18586c6a98c5b118cd274f4033e5d3c5845a', 2, 'Muhammad Dlunuroen', 2147483647, 'Semarang', '2001-06-02', 4, '085866586632', '085866586632', 3374, 'Kp. Bugen Bangetayu Kulon Rt 01 Rw 03 Genuk', 'L', 'O', '/upload/user/f6cf5c963a9a08d93730dead9ea0c83b.jpg', '2021-07-01 23:36:10', NULL, NULL),
(77, 'muhammadrizqi964@gmail.com', '2831b936a1a647cf78805da80f4932b8c3acf95e', 2, 'Muhammad Rizqi Kurdiantoro ', 2147483647, 'Tegal', '1995-03-21', 5, '083861112306 ', '083861112306 ', 3374, 'Jl. Mega Raya no 236 Rt07 Rw07 perum koveri beringin ngaliyan semarang Jawa Tengah ', 'L', 'B', '/upload/user/176fda1cfe241e6dd21271addda48366.jpg', '2021-07-02 01:00:39', NULL, NULL),
(78, 'renaldidutanugraha@gmail.com', 'c3153b8a5949b36c7deba7981fc8a4acbdfaeb7e', 2, 'renaldi duta nugraha', 2147483647, 'sragen', '1997-06-22', 4, '081228336155', '081228336155', 3302, 'wangon Rt 03 Rw 09', 'L', 'AB', '/upload/user/73767b7e4e97523746b6291b72d8f021.jpeg', '2021-07-02 09:58:41', NULL, NULL);

--
-- Indexes for dumped tables
--

--
-- Indexes for table `si_faq`
--
ALTER TABLE `si_faq`
  ADD PRIMARY KEY (`id`);

--
-- Indexes for table `si_form`
--
ALTER TABLE `si_form`
  ADD PRIMARY KEY (`id`);

--
-- Indexes for table `si_kontak`
--
ALTER TABLE `si_kontak`
  ADD PRIMARY KEY (`id`);

--
-- Indexes for table `si_kota`
--
ALTER TABLE `si_kota`
  ADD PRIMARY KEY (`id`) USING BTREE,
  ADD KEY `regencies_province_id_index` (`province_id`) USING BTREE;

--
-- Indexes for table `si_notifikasi`
--
ALTER TABLE `si_notifikasi`
  ADD PRIMARY KEY (`id`);

--
-- Indexes for table `si_pelatihan`
--
ALTER TABLE `si_pelatihan`
  ADD PRIMARY KEY (`id`);

--
-- Indexes for table `si_pelatihan_pendaftaran`
--
ALTER TABLE `si_pelatihan_pendaftaran`
  ADD PRIMARY KEY (`id`);

--
-- Indexes for table `si_pelatihan_pendaftaran_quesioner`
--
ALTER TABLE `si_pelatihan_pendaftaran_quesioner`
  ADD PRIMARY KEY (`id`);

--
-- Indexes for table `si_pelatihan_quesioner`
--
ALTER TABLE `si_pelatihan_quesioner`
  ADD PRIMARY KEY (`id`);

--
-- Indexes for table `si_pelatihan_syarat`
--
ALTER TABLE `si_pelatihan_syarat`
  ADD PRIMARY KEY (`id`);

--
-- Indexes for table `si_pendidikan`
--
ALTER TABLE `si_pendidikan`
  ADD PRIMARY KEY (`id`);

--
-- Indexes for table `si_quesioner`
--
ALTER TABLE `si_quesioner`
  ADD PRIMARY KEY (`id`);

--
-- Indexes for table `si_quesioner_pilihan`
--
ALTER TABLE `si_quesioner_pilihan`
  ADD PRIMARY KEY (`id`);

--
-- Indexes for table `si_quesioner_tipe`
--
ALTER TABLE `si_quesioner_tipe`
  ADD PRIMARY KEY (`id`);

--
-- Indexes for table `si_role`
--
ALTER TABLE `si_role`
  ADD PRIMARY KEY (`id`);

--
-- Indexes for table `si_slider`
--
ALTER TABLE `si_slider`
  ADD PRIMARY KEY (`id`);

--
-- Indexes for table `si_status_pendaftaran`
--
ALTER TABLE `si_status_pendaftaran`
  ADD PRIMARY KEY (`id`);

--
-- Indexes for table `si_syarat`
--
ALTER TABLE `si_syarat`
  ADD PRIMARY KEY (`id`);

--
-- Indexes for table `si_testimonial`
--
ALTER TABLE `si_testimonial`
  ADD PRIMARY KEY (`id`);

--
-- Indexes for table `si_user`
--
ALTER TABLE `si_user`
  ADD PRIMARY KEY (`id_pengguna`) USING BTREE;

--
-- AUTO_INCREMENT for dumped tables
--

--
-- AUTO_INCREMENT for table `si_faq`
--
ALTER TABLE `si_faq`
  MODIFY `id` int(11) UNSIGNED NOT NULL AUTO_INCREMENT, AUTO_INCREMENT=14;

--
-- AUTO_INCREMENT for table `si_form`
--
ALTER TABLE `si_form`
  MODIFY `id` int(11) UNSIGNED NOT NULL AUTO_INCREMENT, AUTO_INCREMENT=6;

--
-- AUTO_INCREMENT for table `si_kontak`
--
ALTER TABLE `si_kontak`
  MODIFY `id` int(11) UNSIGNED NOT NULL AUTO_INCREMENT, AUTO_INCREMENT=9;

--
-- AUTO_INCREMENT for table `si_notifikasi`
--
ALTER TABLE `si_notifikasi`
  MODIFY `id` int(11) UNSIGNED NOT NULL AUTO_INCREMENT, AUTO_INCREMENT=20;

--
-- AUTO_INCREMENT for table `si_pelatihan`
--
ALTER TABLE `si_pelatihan`
  MODIFY `id` int(11) UNSIGNED NOT NULL AUTO_INCREMENT, AUTO_INCREMENT=27;

--
-- AUTO_INCREMENT for table `si_pelatihan_pendaftaran`
--
ALTER TABLE `si_pelatihan_pendaftaran`
  MODIFY `id` int(11) UNSIGNED NOT NULL AUTO_INCREMENT, AUTO_INCREMENT=50;

--
-- AUTO_INCREMENT for table `si_pelatihan_pendaftaran_quesioner`
--
ALTER TABLE `si_pelatihan_pendaftaran_quesioner`
  MODIFY `id` int(11) UNSIGNED NOT NULL AUTO_INCREMENT, AUTO_INCREMENT=1666;

--
-- AUTO_INCREMENT for table `si_pelatihan_quesioner`
--
ALTER TABLE `si_pelatihan_quesioner`
  MODIFY `id` int(11) UNSIGNED NOT NULL AUTO_INCREMENT, AUTO_INCREMENT=482;

--
-- AUTO_INCREMENT for table `si_pelatihan_syarat`
--
ALTER TABLE `si_pelatihan_syarat`
  MODIFY `id` int(11) UNSIGNED NOT NULL AUTO_INCREMENT, AUTO_INCREMENT=29;

--
-- AUTO_INCREMENT for table `si_pendidikan`
--
ALTER TABLE `si_pendidikan`
  MODIFY `id` int(11) UNSIGNED NOT NULL AUTO_INCREMENT, AUTO_INCREMENT=7;

--
-- AUTO_INCREMENT for table `si_quesioner`
--
ALTER TABLE `si_quesioner`
  MODIFY `id` int(11) UNSIGNED NOT NULL AUTO_INCREMENT, AUTO_INCREMENT=42;

--
-- AUTO_INCREMENT for table `si_quesioner_pilihan`
--
ALTER TABLE `si_quesioner_pilihan`
  MODIFY `id` int(11) UNSIGNED NOT NULL AUTO_INCREMENT, AUTO_INCREMENT=59;

--
-- AUTO_INCREMENT for table `si_quesioner_tipe`
--
ALTER TABLE `si_quesioner_tipe`
  MODIFY `id` int(11) UNSIGNED NOT NULL AUTO_INCREMENT, AUTO_INCREMENT=6;

--
-- AUTO_INCREMENT for table `si_role`
--
ALTER TABLE `si_role`
  MODIFY `id` int(11) UNSIGNED NOT NULL AUTO_INCREMENT, AUTO_INCREMENT=3;

--
-- AUTO_INCREMENT for table `si_slider`
--
ALTER TABLE `si_slider`
  MODIFY `id` int(11) UNSIGNED NOT NULL AUTO_INCREMENT, AUTO_INCREMENT=5;

--
-- AUTO_INCREMENT for table `si_status_pendaftaran`
--
ALTER TABLE `si_status_pendaftaran`
  MODIFY `id` int(11) UNSIGNED NOT NULL AUTO_INCREMENT, AUTO_INCREMENT=5;

--
-- AUTO_INCREMENT for table `si_syarat`
--
ALTER TABLE `si_syarat`
  MODIFY `id` int(11) UNSIGNED NOT NULL AUTO_INCREMENT, AUTO_INCREMENT=9;

--
-- AUTO_INCREMENT for table `si_testimonial`
--
ALTER TABLE `si_testimonial`
  MODIFY `id` int(11) UNSIGNED NOT NULL AUTO_INCREMENT, AUTO_INCREMENT=9;

--
-- AUTO_INCREMENT for table `si_user`
--
ALTER TABLE `si_user`
  MODIFY `id_pengguna` int(11) UNSIGNED NOT NULL AUTO_INCREMENT, AUTO_INCREMENT=79;
COMMIT;

/*!40101 SET CHARACTER_SET_CLIENT=@OLD_CHARACTER_SET_CLIENT */;
/*!40101 SET CHARACTER_SET_RESULTS=@OLD_CHARACTER_SET_RESULTS */;
/*!40101 SET COLLATION_CONNECTION=@OLD_COLLATION_CONNECTION */;
